"simid","pia","ida","interventiontime","nc","sum_degrees","sum_excess","contacts_small","contacts_large","strategy"
"18",0,3118.48740210413,1121.96597453704,2,21,19,21,21,"Growth,size=2,W=6mo,D=0.01"
"23",0,2973.85980851511,552.715973339479,2,27,25,27,27,"Growth,size=2,W=6mo,D=0.01"
"24",0,1430.67857034716,1228.66084607002,2,14,12,14,14,"Growth,size=2,W=6mo,D=0.01"
"29",0,570.916854283259,1615.33633137768,2,14,12,14,14,"Growth,size=2,W=6mo,D=0.01"
"56",0,3991.28673196691,334.28294296929,2,25,23,25,25,"Growth,size=2,W=6mo,D=0.01"
"65",0,2386.67896400344,2232.28589172047,2,22,20,22,22,"Growth,size=2,W=6mo,D=0.01"
"72",0,949.681813866236,2598.0784438961,2,10,8,10,10,"Growth,size=2,W=6mo,D=0.01"
"83",1,0,2966.69570736245,2,17,15,17,17,"Growth,size=2,W=6mo,D=0.01"
"123",1,1232.12949579554,916.232443088689,2,16,14,16,16,"Growth,size=2,W=6mo,D=0.01"
"127",0,0,1750.30430780831,2,17,15,17,17,"Growth,size=2,W=6mo,D=0.01"
"141",1,653.859530618293,2464.67142185216,2,25,23,25,25,"Growth,size=2,W=6mo,D=0.01"
"166",0,1133.03206998777,2027.75341199068,2,15,13,15,15,"Growth,size=2,W=6mo,D=0.01"
"172",0,4731.34345250363,1385.40434443335,2,20,18,20,20,"Growth,size=2,W=6mo,D=0.01"
"177",0,2766.06512967146,1415.52230146944,2,28,26,28,28,"Growth,size=2,W=6mo,D=0.01"
"179",0,964.102518224917,1750.54846489204,2,17,15,17,17,"Growth,size=2,W=6mo,D=0.01"
"183",0,4945.68372986468,1045.89511249339,3,126,120,123,125,"Growth,size=2,W=6mo,D=0.01"
"184",0,1253.91356533636,682.751793869887,2,13,11,13,13,"Growth,size=2,W=6mo,D=0.01"
"205",2,3572.45669488714,1314.72415688882,2,21,19,21,21,"Growth,size=2,W=6mo,D=0.01"
"214",0,1975.00585083673,1446.55374035426,2,6,4,6,6,"Growth,size=2,W=6mo,D=0.01"
"215",0,3916.6225438003,837.954354072236,2,13,11,13,13,"Growth,size=2,W=6mo,D=0.01"
"217",0,6693.0384956349,2386.36844042692,2,12,10,12,12,"Growth,size=2,W=6mo,D=0.01"
"223",0,3055.54394300013,1938.83205659884,2,11,10,12,11,"Growth,size=2,W=6mo,D=0.01"
"253",0,198.832557539727,629.008911121523,2,25,23,25,25,"Growth,size=2,W=6mo,D=0.01"
"254",0,949.675612434294,2044.40336575147,2,15,13,15,15,"Growth,size=2,W=6mo,D=0.01"
"256",1,2424.71152436374,1421.14020914392,2,11,9,11,11,"Growth,size=2,W=6mo,D=0.01"
"261",0,851.530424170964,769.494501840406,2,17,15,17,17,"Growth,size=2,W=6mo,D=0.01"
"268",0,0,2110.39430493849,2,28,26,28,28,"Growth,size=2,W=6mo,D=0.01"
"284",0,1547.9493222221,2146.65579792589,2,48,46,48,48,"Growth,size=2,W=6mo,D=0.01"
"285",0,0,1422.79098988666,2,22,20,22,22,"Growth,size=2,W=6mo,D=0.01"
"287",0,1857.6786670589,1430.82274984416,2,38,36,38,38,"Growth,size=2,W=6mo,D=0.01"
"291",0,2343.33763219812,2206.24726578032,2,27,25,27,27,"Growth,size=2,W=6mo,D=0.01"
"297",0,3475.45572277018,1287.21587949495,2,45,43,45,45,"Growth,size=2,W=6mo,D=0.01"
"301",0,0,1814.36706188296,2,26,24,26,26,"Growth,size=2,W=6mo,D=0.01"
"306",0,3002.88179075889,2799.38057995634,2,35,33,35,35,"Growth,size=2,W=6mo,D=0.01"
"322",0,944.242327745392,3700.34549537902,2,13,11,13,13,"Growth,size=2,W=6mo,D=0.01"
"324",0,781.25988873579,4278.23435589137,2,17,15,17,17,"Growth,size=2,W=6mo,D=0.01"
"341",0,4516.86046675085,3139.94748959492,2,8,6,8,8,"Growth,size=2,W=6mo,D=0.01"
"343",0,1161.45782019677,2160.8623087209,2,34,32,34,34,"Growth,size=2,W=6mo,D=0.01"
"355",0,726.631559102136,1750.7950808025,2,20,18,20,20,"Growth,size=2,W=6mo,D=0.01"
"361",0,1440.27753102098,1610.80386784136,2,18,16,18,18,"Growth,size=2,W=6mo,D=0.01"
"364",0,0,1278.50446769853,2,10,8,10,10,"Growth,size=2,W=6mo,D=0.01"
"377",0,559.324494019343,1672.77259753884,2,26,24,26,26,"Growth,size=2,W=6mo,D=0.01"
"384",1,4450.04855384735,1161.01014207243,2,20,18,20,20,"Growth,size=2,W=6mo,D=0.01"
"388",0,2243.36289449009,1955.17441730184,2,26,24,26,26,"Growth,size=2,W=6mo,D=0.01"
"395",0,541.652270522188,985.336450282488,2,20,18,20,20,"Growth,size=2,W=6mo,D=0.01"
"417",0,3365.12741603655,1979.06924243944,2,46,44,46,46,"Growth,size=2,W=6mo,D=0.01"
"424",0,650.240241412508,3595.69182540704,2,15,14,16,15,"Growth,size=2,W=6mo,D=0.01"
"437",0,2257.69182610813,851.250594130432,2,35,33,35,35,"Growth,size=2,W=6mo,D=0.01"
"448",0,4906.98903223988,2878.01054144793,2,39,37,39,39,"Growth,size=2,W=6mo,D=0.01"
"469",0,2073.8640577319,633.855528510172,2,29,27,29,29,"Growth,size=2,W=6mo,D=0.01"
"486",0,3346.72414294547,2314.74431256053,2,15,13,15,15,"Growth,size=2,W=6mo,D=0.01"
"493",1,2459.598426122,1846.31235996063,2,36,34,36,36,"Growth,size=2,W=6mo,D=0.01"
"505",0,169.608565913729,2713.71203250069,2,7,5,7,7,"Growth,size=2,W=6mo,D=0.01"
"514",0,4196.823418552,760.842577661176,2,21,19,21,21,"Growth,size=2,W=6mo,D=0.01"
"518",0,5175.11246240511,1177.24717510434,2,5,3,5,5,"Growth,size=2,W=6mo,D=0.01"
"521",0,216.726242975511,2060.4812821761,2,16,14,16,16,"Growth,size=2,W=6mo,D=0.01"
"533",0,1057.55161796787,930.017288893495,2,14,12,14,14,"Growth,size=2,W=6mo,D=0.01"
"537",0,3152.0776455868,2409.97500480862,2,44,42,44,44,"Growth,size=2,W=6mo,D=0.01"
"545",0,1522.89684353623,974.466197820629,2,13,11,13,13,"Growth,size=2,W=6mo,D=0.01"
"558",0,400.784899314762,1231.58265113254,2,13,11,13,13,"Growth,size=2,W=6mo,D=0.01"
"560",1,925.165732877497,3259.32237501615,2,19,17,19,19,"Growth,size=2,W=6mo,D=0.01"
"583",0,3542.27306459183,1662.48463923068,2,50,48,50,50,"Growth,size=2,W=6mo,D=0.01"
"584",0,54.2923696532143,3443.26231168116,2,35,33,35,35,"Growth,size=2,W=6mo,D=0.01"
"591",0,2335.9802310533,4389.11518487868,2,15,13,15,15,"Growth,size=2,W=6mo,D=0.01"
"605",0,391.590321270797,2680.23686037193,2,23,21,23,23,"Growth,size=2,W=6mo,D=0.01"
"609",0,2957.98911927272,2484.82977332616,2,13,11,13,13,"Growth,size=2,W=6mo,D=0.01"
"639",0,3316.87864642831,2347.01440635007,2,6,5,7,6,"Growth,size=2,W=6mo,D=0.01"
"641",0,3153.90952168433,2092.19006685101,2,13,11,13,13,"Growth,size=2,W=6mo,D=0.01"
"654",0,0,2842.73360990572,2,25,23,25,25,"Growth,size=2,W=6mo,D=0.01"
"662",0,4400.44683829941,707.045040463043,2,15,14,16,15,"Growth,size=2,W=6mo,D=0.01"
"664",0,363.016956722941,377.738106531518,2,18,16,18,18,"Growth,size=2,W=6mo,D=0.01"
"673",0,2823.41782702423,1368.04814236255,2,23,21,23,23,"Growth,size=2,W=6mo,D=0.01"
"687",0,1655.33512067588,1884.44627829335,2,30,28,30,30,"Growth,size=2,W=6mo,D=0.01"
"690",0,162.508099356123,3172.35775856541,2,39,37,39,39,"Growth,size=2,W=6mo,D=0.01"
"693",0,0,1565.18381092685,2,10,8,10,10,"Growth,size=2,W=6mo,D=0.01"
"694",0,664.492184038742,912.482111159422,2,30,28,30,30,"Growth,size=2,W=6mo,D=0.01"
"706",0,2211.73310367104,3568.91149154462,2,31,29,31,31,"Growth,size=2,W=6mo,D=0.01"
"710",0,2009.39224366432,2501.10425456678,2,14,12,14,14,"Growth,size=2,W=6mo,D=0.01"
"713",0,1053.92142226476,2297.40240311104,3,20,14,17,19,"Growth,size=2,W=6mo,D=0.01"
"717",0,337.289175463676,2904.33800083962,2,25,23,25,25,"Growth,size=2,W=6mo,D=0.01"
"730",0,4249.94005705453,834.120637470401,2,70,68,70,70,"Growth,size=2,W=6mo,D=0.01"
"748",0,75.3854014251574,6152.4679826195,2,9,7,9,9,"Growth,size=2,W=6mo,D=0.01"
"769",0,5432.29863200426,2270.80920521937,2,9,7,9,9,"Growth,size=2,W=6mo,D=0.01"
"775",0,1861.89937116794,4031.11386958183,2,20,18,20,20,"Growth,size=2,W=6mo,D=0.01"
"777",0,1020.12651828591,4255.90788415933,2,14,12,14,14,"Growth,size=2,W=6mo,D=0.01"
"791",0,1131.27654663438,1055.52891456651,2,12,10,12,12,"Growth,size=2,W=6mo,D=0.01"
"801",1,4545.96046903252,2709.28011653821,2,17,15,17,17,"Growth,size=2,W=6mo,D=0.01"
"805",0,2706.81883650168,4308.9290383861,2,24,22,24,24,"Growth,size=2,W=6mo,D=0.01"
"822",2,1641.23621142334,708.022536739975,2,20,18,20,20,"Growth,size=2,W=6mo,D=0.01"
"846",0,2027.76172157321,2508.21284941577,2,25,23,25,25,"Growth,size=2,W=6mo,D=0.01"
"855",0,2213.16701829529,2061.90066705316,2,20,18,20,20,"Growth,size=2,W=6mo,D=0.01"
"858",0,0,2629.61082507041,2,63,61,63,63,"Growth,size=2,W=6mo,D=0.01"
"867",0,0,1900.77294468015,2,10,8,10,10,"Growth,size=2,W=6mo,D=0.01"
"896",0,3412.02456069318,348.964164173282,3,40,34,37,39,"Growth,size=2,W=6mo,D=0.01"
"901",0,5254.3420083146,3992.68759848358,2,26,24,26,26,"Growth,size=2,W=6mo,D=0.01"
"921",0,2058.67722650207,1213.19238908268,2,61,59,61,61,"Growth,size=2,W=6mo,D=0.01"
"929",0,2231.87154084157,3536.72591407664,2,11,9,11,11,"Growth,size=2,W=6mo,D=0.01"
"931",0,1199.62814027808,2717.29306107198,2,15,13,15,15,"Growth,size=2,W=6mo,D=0.01"
"936",0,2455.30051584404,1760.14339644524,3,58,52,55,57,"Growth,size=2,W=6mo,D=0.01"
"939",0,1951.98013933064,869.554936625047,2,25,23,25,25,"Growth,size=2,W=6mo,D=0.01"
"944",0,761.079952713582,4318.52072565542,3,35,30,33,34,"Growth,size=2,W=6mo,D=0.01"
"946",1,1505.66051178757,1218.78086207989,2,16,14,16,16,"Growth,size=2,W=6mo,D=0.01"
"956",1,1536.33667968437,774.093515815467,3,72,66,69,71,"Growth,size=2,W=6mo,D=0.01"
"971",1,1396.06898635467,469.117936814418,2,17,15,17,17,"Growth,size=2,W=6mo,D=0.01"
"973",0,2729.35431629049,1112.10711955384,2,15,13,15,15,"Growth,size=2,W=6mo,D=0.01"
"987",0,803.505067273199,2289.36481955469,2,26,24,26,26,"Growth,size=2,W=6mo,D=0.01"
"993",0,553.365043895573,3029.46941007015,2,49,47,49,49,"Growth,size=2,W=6mo,D=0.01"
"1008",0,529.451132088416,3062.1561513183,2,27,25,27,27,"Growth,size=2,W=6mo,D=0.01"
"1016",0,0,1988.36645360228,2,35,33,35,35,"Growth,size=2,W=6mo,D=0.01"
"1031",0,430.959046022926,1902.12490183527,2,40,38,40,40,"Growth,size=2,W=6mo,D=0.01"
"1049",0,1955.94046017813,3194.20464172203,2,13,11,13,13,"Growth,size=2,W=6mo,D=0.01"
"1056",0,442.683617048952,2936.08972727758,2,11,9,11,11,"Growth,size=2,W=6mo,D=0.01"
"1074",0,420.961075753497,1182.08483306677,2,12,10,12,12,"Growth,size=2,W=6mo,D=0.01"
"1075",0,0,2477.83346220867,2,11,9,11,11,"Growth,size=2,W=6mo,D=0.01"
"1086",0,4289.38006473195,2060.75925311207,2,45,43,45,45,"Growth,size=2,W=6mo,D=0.01"
"1088",0,4218.46942797228,952.642296768721,2,19,18,20,19,"Growth,size=2,W=6mo,D=0.01"
"1093",0,202.544793184159,2820.70197454629,2,13,11,13,13,"Growth,size=2,W=6mo,D=0.01"
"1095",0,1694.61098643455,1047.21963146844,2,42,40,42,42,"Growth,size=2,W=6mo,D=0.01"
"1096",0,2963.98834524953,372.136589118084,2,15,13,15,15,"Growth,size=2,W=6mo,D=0.01"
"1106",0,107.737723528639,3630.19499000672,2,84,82,84,84,"Growth,size=2,W=6mo,D=0.01"
"1108",0,0,731.264166515327,2,13,11,13,13,"Growth,size=2,W=6mo,D=0.01"
"1113",0,1046.27024993058,2053.21844275328,2,19,17,19,19,"Growth,size=2,W=6mo,D=0.01"
"1114",0,1843.09250317572,829.487049866805,2,51,49,51,51,"Growth,size=2,W=6mo,D=0.01"
"1116",1,680.338614267931,2258.03409145231,2,29,27,29,29,"Growth,size=2,W=6mo,D=0.01"
"1121",0,3194.38380748194,435.411286720643,2,29,27,29,29,"Growth,size=2,W=6mo,D=0.01"
"1145",1,3930.32601346194,4348.75817294017,2,19,17,19,19,"Growth,size=2,W=6mo,D=0.01"
"1149",0,0,3475.00208027981,2,54,52,54,54,"Growth,size=2,W=6mo,D=0.01"
"1170",0,0,2422.27804697171,2,3,2,4,3,"Growth,size=2,W=6mo,D=0.01"
"1176",1,1501.26221964808,1542.18266620227,2,21,19,21,21,"Growth,size=2,W=6mo,D=0.01"
"1183",0,95.5470844541687,1660.16710252033,2,22,20,22,22,"Growth,size=2,W=6mo,D=0.01"
"1192",1,923.439981241135,1530.90816847274,2,24,22,24,24,"Growth,size=2,W=6mo,D=0.01"
"1197",0,537.055243620855,993.327262879491,2,16,14,16,16,"Growth,size=2,W=6mo,D=0.01"
"1205",0,1139.00947356968,5275.60844284204,2,3,2,4,3,"Growth,size=2,W=6mo,D=0.01"
"1206",0,914.723590753358,1459.0517939769,2,61,59,61,61,"Growth,size=2,W=6mo,D=0.01"
"1210",0,597.404394024377,1745.11507500724,2,22,20,22,22,"Growth,size=2,W=6mo,D=0.01"
"1212",0,767.550769277183,1656.085740633,2,30,28,30,30,"Growth,size=2,W=6mo,D=0.01"
"1214",0,2889.02962452699,1498.38480097143,2,25,23,25,25,"Growth,size=2,W=6mo,D=0.01"
"1220",0,4609.48404826349,1996.85802266597,2,31,29,31,31,"Growth,size=2,W=6mo,D=0.01"
"1221",0,0,2604.92708008017,2,26,24,26,26,"Growth,size=2,W=6mo,D=0.01"
"1227",0,1043.50735504147,2540.05267143144,2,9,7,9,9,"Growth,size=2,W=6mo,D=0.01"
"1231",0,963.929425163916,2048.62484634176,2,31,29,31,31,"Growth,size=2,W=6mo,D=0.01"
"1235",0,1625.3341708372,1874.81724805411,2,24,22,24,24,"Growth,size=2,W=6mo,D=0.01"
"1240",0,595.274349596251,5426.47932064135,2,17,15,17,17,"Growth,size=2,W=6mo,D=0.01"
"1258",1,0,3291.26680032359,2,30,28,30,30,"Growth,size=2,W=6mo,D=0.01"
"1259",0,1372.43354485372,2569.43101339699,2,5,3,5,5,"Growth,size=2,W=6mo,D=0.01"
"1264",0,1169.03847713352,436.485205786612,2,15,13,15,15,"Growth,size=2,W=6mo,D=0.01"
"1269",0,59.0065469798828,3665.29012193939,2,14,12,14,14,"Growth,size=2,W=6mo,D=0.01"
"1281",1,3026.3009953357,2453.27534807163,3,33,27,30,32,"Growth,size=2,W=6mo,D=0.01"
"1284",2,0,3793.47295048479,2,33,31,33,33,"Growth,size=2,W=6mo,D=0.01"
"1290",0,0,1529.74439453224,2,13,11,13,13,"Growth,size=2,W=6mo,D=0.01"
"1300",0,3698.45057477325,4540.62086902745,2,35,33,35,35,"Growth,size=2,W=6mo,D=0.01"
"1302",0,0,2618.59428190134,2,10,8,10,10,"Growth,size=2,W=6mo,D=0.01"
"1304",0,1822.79036245703,710.260967870637,2,15,13,15,15,"Growth,size=2,W=6mo,D=0.01"
"1311",0,308.060693492398,1644.93017484437,2,6,4,6,6,"Growth,size=2,W=6mo,D=0.01"
"1319",0,4264.90330112927,1303.0848640322,2,25,23,25,25,"Growth,size=2,W=6mo,D=0.01"
"1337",1,163.536913950002,3670.86302243387,2,21,19,21,21,"Growth,size=2,W=6mo,D=0.01"
"1342",0,787.419177797018,932.960046233048,2,14,12,14,14,"Growth,size=2,W=6mo,D=0.01"
"1344",0,1687.75985615145,1327.59807104862,2,25,23,25,25,"Growth,size=2,W=6mo,D=0.01"
"1345",0,384.849996057414,5556.87978898105,2,51,49,51,51,"Growth,size=2,W=6mo,D=0.01"
"1360",0,1790.28350274499,658.347261434241,2,37,35,37,37,"Growth,size=2,W=6mo,D=0.01"
"1368",0,1725.10218993537,4352.37434173665,2,39,37,39,39,"Growth,size=2,W=6mo,D=0.01"
"1371",0,4418.1905723956,3016.45590581549,2,10,8,10,10,"Growth,size=2,W=6mo,D=0.01"
"1373",0,552.813888030644,3480.04716790313,2,7,5,7,7,"Growth,size=2,W=6mo,D=0.01"
"1379",0,796.386097670635,1780.20029144957,2,35,33,35,35,"Growth,size=2,W=6mo,D=0.01"
"1380",0,1965.00545074397,396.006261574765,2,29,27,29,29,"Growth,size=2,W=6mo,D=0.01"
"1390",0,143.685270339959,1909.3377802264,2,13,11,13,13,"Growth,size=2,W=6mo,D=0.01"
"1396",0,1364.8827068804,2247.41274535283,2,13,11,13,13,"Growth,size=2,W=6mo,D=0.01"
"1399",0,116.013127320995,1935.1981245548,2,14,12,14,14,"Growth,size=2,W=6mo,D=0.01"
"1400",0,0,4239.29059238195,2,26,24,26,26,"Growth,size=2,W=6mo,D=0.01"
"1401",0,1066.11081250262,3964.43526836494,2,21,19,21,21,"Growth,size=2,W=6mo,D=0.01"
"1416",0,2036.9382135449,3144.38331876855,2,22,20,22,22,"Growth,size=2,W=6mo,D=0.01"
"1418",0,608.61152896221,3025.34692701695,2,27,25,27,27,"Growth,size=2,W=6mo,D=0.01"
"1421",1,66.7156095138271,4079.54495773649,2,10,8,10,10,"Growth,size=2,W=6mo,D=0.01"
"1423",0,181.695467446748,3456.28805826251,2,19,17,19,19,"Growth,size=2,W=6mo,D=0.01"
"1424",0,342.261007182038,648.312729910769,2,9,7,9,9,"Growth,size=2,W=6mo,D=0.01"
"1437",0,1694.60757240829,1656.22423349699,2,59,57,59,59,"Growth,size=2,W=6mo,D=0.01"
"1444",1,1033.08890933316,1036.06245614643,2,15,13,15,15,"Growth,size=2,W=6mo,D=0.01"
"1457",0,3292.81771393249,1148.93821120662,2,14,12,14,14,"Growth,size=2,W=6mo,D=0.01"
"1463",1,2841.62567002865,2297.35795819432,2,33,31,33,33,"Growth,size=2,W=6mo,D=0.01"
"1476",0,2516.11408177576,2153.05163510623,2,13,11,13,13,"Growth,size=2,W=6mo,D=0.01"
"1478",0,6350.18842749528,1600.14644957067,2,44,42,44,44,"Growth,size=2,W=6mo,D=0.01"
"1489",0,41.868738039921,1141.24898799522,2,22,20,22,22,"Growth,size=2,W=6mo,D=0.01"
"1495",0,0,1298.94526963513,2,7,6,8,7,"Growth,size=2,W=6mo,D=0.01"
"1523",0,3725.63025923196,2070.26853475632,2,11,9,11,11,"Growth,size=2,W=6mo,D=0.01"
"1530",0,0,1476.09909334014,2,19,18,20,19,"Growth,size=2,W=6mo,D=0.01"
"1533",0,0,2527.96570841809,2,32,30,32,32,"Growth,size=2,W=6mo,D=0.01"
"1543",0,248.64912807693,3332.82508567903,2,20,18,20,20,"Growth,size=2,W=6mo,D=0.01"
"1544",0,578.059148300816,2630.57197567941,2,23,21,23,23,"Growth,size=2,W=6mo,D=0.01"
"1570",0,1286.61136169751,1367.21514849175,2,12,10,12,12,"Growth,size=2,W=6mo,D=0.01"
"1575",0,1331.70932878876,1063.20187722708,2,19,17,19,19,"Growth,size=2,W=6mo,D=0.01"
"1576",0,0,4441.02757573019,2,24,22,24,24,"Growth,size=2,W=6mo,D=0.01"
"1586",0,2067.0180610898,3005.20485707895,2,17,15,17,17,"Growth,size=2,W=6mo,D=0.01"
"1594",1,1089.79528392099,1559.72635174837,2,14,12,14,14,"Growth,size=2,W=6mo,D=0.01"
"1613",0,0,1277.35894684964,2,5,3,5,5,"Growth,size=2,W=6mo,D=0.01"
"1637",0,0,1909.61362340908,2,20,18,20,20,"Growth,size=2,W=6mo,D=0.01"
"1647",0,0,2373.55483449985,2,33,31,33,33,"Growth,size=2,W=6mo,D=0.01"
"1661",0,2176.67436428573,1126.6843940272,2,36,34,36,36,"Growth,size=2,W=6mo,D=0.01"
"1669",0,1411.00685128106,3041.8392915422,2,54,52,54,54,"Growth,size=2,W=6mo,D=0.01"
"1685",0,0,2404.51832802642,2,18,16,18,18,"Growth,size=2,W=6mo,D=0.01"
"1686",0,7229.21314999264,2357.62198015647,2,83,81,83,83,"Growth,size=2,W=6mo,D=0.01"
"1694",1,1313.68782198403,3810.0093163765,2,27,25,27,27,"Growth,size=2,W=6mo,D=0.01"
"1707",0,3420.9936528601,565.630641919431,2,16,14,16,16,"Growth,size=2,W=6mo,D=0.01"
"1714",0,0,1875.54823458875,2,17,15,17,17,"Growth,size=2,W=6mo,D=0.01"
"1722",0,168.516134251414,3648.9198830756,2,30,28,30,30,"Growth,size=2,W=6mo,D=0.01"
"1728",0,1981.67648749287,5317.82412660592,2,9,7,9,9,"Growth,size=2,W=6mo,D=0.01"
"1738",0,1991.54833679542,2913.52594424053,2,24,22,24,24,"Growth,size=2,W=6mo,D=0.01"
"1765",0,6788.68510035224,2279.65096805519,2,26,24,26,26,"Growth,size=2,W=6mo,D=0.01"
"1782",0,0,2514.71783982925,2,7,6,8,7,"Growth,size=2,W=6mo,D=0.01"
"1786",1,288.710330457252,1173.80791044723,2,34,32,34,34,"Growth,size=2,W=6mo,D=0.01"
"1792",0,223.310643992636,3039.50088485906,2,19,18,20,19,"Growth,size=2,W=6mo,D=0.01"
"1807",0,738.696919665544,2085.53450896005,2,24,22,24,24,"Growth,size=2,W=6mo,D=0.01"
"1815",0,3236.40059537999,1967.73574974016,2,16,14,16,16,"Growth,size=2,W=6mo,D=0.01"
"1822",0,1990.56666897439,1286.71797074442,2,7,5,7,7,"Growth,size=2,W=6mo,D=0.01"
"1826",0,2937.56166443361,2964.51425946021,2,62,60,62,62,"Growth,size=2,W=6mo,D=0.01"
"1828",0,4005.89482110981,1733.40402997664,2,18,16,18,18,"Growth,size=2,W=6mo,D=0.01"
"1829",0,2176.23752462928,1266.56315470771,2,13,11,13,13,"Growth,size=2,W=6mo,D=0.01"
"1845",0,0,3304.66772280373,2,13,11,13,13,"Growth,size=2,W=6mo,D=0.01"
"1854",0,437.180051749204,4545.73864965504,2,9,8,10,9,"Growth,size=2,W=6mo,D=0.01"
"1865",0,2680.80335635346,1832.30839243221,2,19,17,19,19,"Growth,size=2,W=6mo,D=0.01"
"1898",0,88.2233060987146,2315.35521435653,2,14,12,14,14,"Growth,size=2,W=6mo,D=0.01"
"1899",0,2174.83901847357,553.651114270684,2,73,71,73,73,"Growth,size=2,W=6mo,D=0.01"
"1910",0,648.34893429841,1680.08864384799,2,28,26,28,28,"Growth,size=2,W=6mo,D=0.01"
"1927",0,2186.41819620749,2049.9199421131,2,36,34,36,36,"Growth,size=2,W=6mo,D=0.01"
"1928",0,3767.67882643163,3763.49580402511,2,57,55,57,57,"Growth,size=2,W=6mo,D=0.01"
"1935",1,0,3905.41271037658,2,14,12,14,14,"Growth,size=2,W=6mo,D=0.01"
"1974",0,2036.12844995138,3551.43245979164,2,16,14,16,16,"Growth,size=2,W=6mo,D=0.01"
"1975",0,1431.89560927161,635.153558313641,2,9,7,9,9,"Growth,size=2,W=6mo,D=0.01"
"1979",0,3100.21692095895,2882.47548079184,2,31,29,31,31,"Growth,size=2,W=6mo,D=0.01"
"1981",0,196.557024635423,1311.9805029059,2,40,38,40,40,"Growth,size=2,W=6mo,D=0.01"
"1987",0,3153.11827456259,3028.99224906531,2,83,81,83,83,"Growth,size=2,W=6mo,D=0.01"
"1993",1,0,2574.73309727582,2,30,28,30,30,"Growth,size=2,W=6mo,D=0.01"
"1996",0,2988.89904796144,1229.4976443861,2,10,9,11,10,"Growth,size=2,W=6mo,D=0.01"
"2006",0,948.538564648355,2654.56591542864,2,12,10,12,12,"Growth,size=2,W=6mo,D=0.01"
"2013",0,202.71636688241,1822.84048440621,2,4,3,5,4,"Growth,size=2,W=6mo,D=0.01"
"2033",0,1681.55968560385,2538.26897260078,2,14,12,14,14,"Growth,size=2,W=6mo,D=0.01"
"2046",0,0,2863.31881830428,2,34,32,34,34,"Growth,size=2,W=6mo,D=0.01"
"2073",0,901.002049893383,1595.68185356644,2,50,48,50,50,"Growth,size=2,W=6mo,D=0.01"
"2092",0,1342.75915157223,4721.51476843979,2,8,7,9,8,"Growth,size=2,W=6mo,D=0.01"
"2106",0,0,991.117914487171,2,24,23,25,24,"Growth,size=2,W=6mo,D=0.01"
"2115",0,1309.89217951197,1040.87377093008,2,4,2,4,4,"Growth,size=2,W=6mo,D=0.01"
"2117",0,488.088565156564,947.699178633249,2,21,19,21,21,"Growth,size=2,W=6mo,D=0.01"
"2125",0,634.962590098868,5075.85884415614,2,9,7,9,9,"Growth,size=2,W=6mo,D=0.01"
"2126",0,3020.46626258927,1018.45847680339,2,13,11,13,13,"Growth,size=2,W=6mo,D=0.01"
"2129",1,3348.35898984331,745.582294016226,3,61,55,58,60,"Growth,size=2,W=6mo,D=0.01"
"2146",0,2070.15975555326,1427.21770257232,2,12,10,12,12,"Growth,size=2,W=6mo,D=0.01"
"2160",0,161.347416993739,1456.08634883615,2,33,31,33,33,"Growth,size=2,W=6mo,D=0.01"
"2161",0,904.748114715812,798.055925021444,2,20,18,20,20,"Growth,size=2,W=6mo,D=0.01"
"2164",0,1313.56899965721,634.257644703301,2,12,10,12,12,"Growth,size=2,W=6mo,D=0.01"
"2168",0,141.245999842259,2588.32401742982,2,35,33,35,35,"Growth,size=2,W=6mo,D=0.01"
"2169",0,998.180091909622,1373.04183811333,2,54,52,54,54,"Growth,size=2,W=6mo,D=0.01"
"2177",0,0,1361.91245995484,2,64,62,64,64,"Growth,size=2,W=6mo,D=0.01"
"2178",0,0,1842.60059887627,2,23,21,23,23,"Growth,size=2,W=6mo,D=0.01"
"2184",2,1025.20534579774,2417.33240713708,2,22,20,22,22,"Growth,size=2,W=6mo,D=0.01"
"2186",0,2582.01566062268,1903.15998052675,3,15,9,12,14,"Growth,size=2,W=6mo,D=0.01"
"2200",0,4071.32878340428,924.050459399367,2,23,21,23,23,"Growth,size=2,W=6mo,D=0.01"
"2201",0,779.83071817812,1773.43913167859,2,25,23,25,25,"Growth,size=2,W=6mo,D=0.01"
"2211",1,2369.55345709738,1380.24327884143,2,40,38,40,40,"Growth,size=2,W=6mo,D=0.01"
"2213",0,1950.20101845143,2771.59404746449,2,20,18,20,20,"Growth,size=2,W=6mo,D=0.01"
"2216",0,187.013838486574,3807.03981819888,2,16,14,16,16,"Growth,size=2,W=6mo,D=0.01"
"2225",0,1153.50473595085,3036.5440335733,2,23,21,23,23,"Growth,size=2,W=6mo,D=0.01"
"2232",0,3210.52969428918,1221.98096261463,2,10,8,10,10,"Growth,size=2,W=6mo,D=0.01"
"2237",0,3403.22428529229,2737.62401625121,2,5,4,6,5,"Growth,size=2,W=6mo,D=0.01"
"2247",0,1749.41530870814,1883.39204918197,2,31,29,31,31,"Growth,size=2,W=6mo,D=0.01"
"2273",0,7.75175589820037,3360.87181473257,2,18,16,18,18,"Growth,size=2,W=6mo,D=0.01"
"2277",0,439.295372139989,1383.4309066327,2,16,14,16,16,"Growth,size=2,W=6mo,D=0.01"
"2291",0,2979.85885913007,1852.30875066445,2,38,36,38,38,"Growth,size=2,W=6mo,D=0.01"
"2292",0,1005.23685386657,3327.41491258619,2,21,19,21,21,"Growth,size=2,W=6mo,D=0.01"
"2302",0,979.759521965578,1534.54153094444,2,42,40,42,42,"Growth,size=2,W=6mo,D=0.01"
"2305",0,575.54557767687,3684.56712210949,2,20,18,20,20,"Growth,size=2,W=6mo,D=0.01"
"2313",0,2506.71359144649,1350.10334196367,2,29,27,29,29,"Growth,size=2,W=6mo,D=0.01"
"2327",0,2569.23050371726,813.954476778471,2,3,2,4,3,"Growth,size=2,W=6mo,D=0.01"
"2329",0,5873.3851149727,1186.14435507851,2,20,18,20,20,"Growth,size=2,W=6mo,D=0.01"
"2335",0,739.311521512137,2292.69722937704,2,9,7,9,9,"Growth,size=2,W=6mo,D=0.01"
"2337",0,1002.06046229263,870.332041337852,2,8,6,8,8,"Growth,size=2,W=6mo,D=0.01"
"2338",0,3366.35177790427,2198.26666339015,2,23,21,23,23,"Growth,size=2,W=6mo,D=0.01"
"2344",0,2735.46418225918,3630.21505552976,3,35,31,34,34,"Growth,size=2,W=6mo,D=0.01"
"2347",0,3218.86951840888,3846.68987511598,2,23,21,23,23,"Growth,size=2,W=6mo,D=0.01"
"2350",0,128.270891812689,3993.65711635416,2,35,33,35,35,"Growth,size=2,W=6mo,D=0.01"
"2355",0,2019.80878054981,2952.24720736,2,50,48,50,50,"Growth,size=2,W=6mo,D=0.01"
"2357",0,1395.50187040909,2076.75392787669,2,15,13,15,15,"Growth,size=2,W=6mo,D=0.01"
"2360",0,2045.03313814613,5280.82998711319,2,14,12,14,14,"Growth,size=2,W=6mo,D=0.01"
"2363",0,3075.78368935118,950.193851263987,2,9,7,9,9,"Growth,size=2,W=6mo,D=0.01"
"2365",1,212.196612922161,1430.48428589101,2,12,10,12,12,"Growth,size=2,W=6mo,D=0.01"
"2366",0,0,1974.88858128336,2,9,7,9,9,"Growth,size=2,W=6mo,D=0.01"
"2377",0,0,1563.52670662722,2,42,40,42,42,"Growth,size=2,W=6mo,D=0.01"
"2379",0,326.394439582756,2896.85434400998,2,13,11,13,13,"Growth,size=2,W=6mo,D=0.01"
"2394",0,501.310259865843,3550.79422076987,2,15,13,15,15,"Growth,size=2,W=6mo,D=0.01"
"2404",0,395.664411384449,2856.28029890438,2,14,12,14,14,"Growth,size=2,W=6mo,D=0.01"
"2405",0,0,3648.89019502198,2,20,18,20,20,"Growth,size=2,W=6mo,D=0.01"
"2412",0,2053.86633612622,3981.61152537314,2,7,5,7,7,"Growth,size=2,W=6mo,D=0.01"
"2418",0,0,1848.34424116808,2,17,15,17,17,"Growth,size=2,W=6mo,D=0.01"
"2429",0,1727.45182487685,1965.45535126132,2,27,25,27,27,"Growth,size=2,W=6mo,D=0.01"
"2431",0,1718.97160982045,2036.35554927059,2,42,40,42,42,"Growth,size=2,W=6mo,D=0.01"
"2447",0,1365.88036811614,1231.45047988128,2,28,26,28,28,"Growth,size=2,W=6mo,D=0.01"
"2453",0,990.034356350743,2869.48346709919,2,13,11,13,13,"Growth,size=2,W=6mo,D=0.01"
"2454",0,1242.73888328939,1791.7275199178,2,45,43,45,45,"Growth,size=2,W=6mo,D=0.01"
"2460",0,2273.24100451783,4980.34061901217,2,31,29,31,31,"Growth,size=2,W=6mo,D=0.01"
"2463",0,0,3616.87810845856,2,50,48,50,50,"Growth,size=2,W=6mo,D=0.01"
"2474",0,0,2458.0750019674,2,12,10,12,12,"Growth,size=2,W=6mo,D=0.01"
"2477",0,1670.49562426183,1726.88544120434,2,22,20,22,22,"Growth,size=2,W=6mo,D=0.01"
"2483",0,3311.69171563776,2048.24003026555,2,44,42,44,44,"Growth,size=2,W=6mo,D=0.01"
"2489",1,2899.17640906476,3511.29943542128,2,34,32,34,34,"Growth,size=2,W=6mo,D=0.01"
"2499",0,3326.13629330967,1176.44065569073,2,32,30,32,32,"Growth,size=2,W=6mo,D=0.01"
"2509",0,1133.76105601568,1183.55463461043,2,11,9,11,11,"Growth,size=2,W=6mo,D=0.01"
"2510",0,3862.06828389073,4811.43220321931,2,15,13,15,15,"Growth,size=2,W=6mo,D=0.01"
"2536",1,1453.05603259104,1262.94139202795,2,24,22,24,24,"Growth,size=2,W=6mo,D=0.01"
"2545",0,1946.77023751625,1596.14626740879,2,19,17,19,19,"Growth,size=2,W=6mo,D=0.01"
"2574",0,2732.45509664074,1346.95330212697,2,16,14,16,16,"Growth,size=2,W=6mo,D=0.01"
"2577",0,988.019263254661,1039.1849330106,2,10,9,11,10,"Growth,size=2,W=6mo,D=0.01"
"2584",0,359.996404208038,912.566045918685,2,20,18,20,20,"Growth,size=2,W=6mo,D=0.01"
"2587",0,2718.34819344775,981.225219966095,2,12,10,12,12,"Growth,size=2,W=6mo,D=0.01"
"2597",0,1680.34456897424,3053.84976765194,2,16,14,16,16,"Growth,size=2,W=6mo,D=0.01"
"2599",0,1128.2953814092,1963.12306954951,2,16,14,16,16,"Growth,size=2,W=6mo,D=0.01"
"2629",0,0,1971.04023890466,2,8,6,8,8,"Growth,size=2,W=6mo,D=0.01"
"2639",0,266.838708464394,1914.71273117489,2,9,7,9,9,"Growth,size=2,W=6mo,D=0.01"
"2645",0,2009.64088059613,2994.23640363876,2,16,14,16,16,"Growth,size=2,W=6mo,D=0.01"
"2650",0,2268.86064633651,2527.84604065479,2,27,25,27,27,"Growth,size=2,W=6mo,D=0.01"
"2651",0,6274.38351401108,5585.85739296054,2,17,15,17,17,"Growth,size=2,W=6mo,D=0.01"
"2662",0,2102.18303143832,3322.19784233356,2,24,22,24,24,"Growth,size=2,W=6mo,D=0.01"
"2666",0,742.109651169081,421.102613696619,2,13,11,13,13,"Growth,size=2,W=6mo,D=0.01"
"2676",0,865.36818601528,2850.62919127072,2,7,5,7,7,"Growth,size=2,W=6mo,D=0.01"
"2684",0,0,2636.99587693915,2,25,23,25,25,"Growth,size=2,W=6mo,D=0.01"
"2687",0,1642.71113212911,2340.82397651847,2,20,18,20,20,"Growth,size=2,W=6mo,D=0.01"
"2691",0,1104.65043000916,1473.95407558559,2,20,18,20,20,"Growth,size=2,W=6mo,D=0.01"
"2693",0,726.283632338525,573.508433975789,2,38,36,38,38,"Growth,size=2,W=6mo,D=0.01"
"2696",0,417.100527323892,784.518249361094,2,19,17,19,19,"Growth,size=2,W=6mo,D=0.01"
"2706",0,2723.09014152561,954.447603315989,2,14,13,15,14,"Growth,size=2,W=6mo,D=0.01"
"2708",0,3984.17943393297,760.822085459607,2,29,27,29,29,"Growth,size=2,W=6mo,D=0.01"
"2711",0,1353.40889781569,2240.7967969305,3,8,4,7,7,"Growth,size=2,W=6mo,D=0.01"
"2722",0,2233.13809465906,1362.96473417036,2,43,41,43,43,"Growth,size=2,W=6mo,D=0.01"
"2733",0,2153.53752381859,1269.14312664673,2,18,16,18,18,"Growth,size=2,W=6mo,D=0.01"
"2739",0,1166.10095999509,1195.7784994966,2,45,43,45,45,"Growth,size=2,W=6mo,D=0.01"
"2748",0,648.270745122053,1646.86441263291,2,42,40,42,42,"Growth,size=2,W=6mo,D=0.01"
"2750",0,552.760762074584,2956.68054060517,2,11,9,11,11,"Growth,size=2,W=6mo,D=0.01"
"2751",0,13.2845026772191,1496.93910386558,2,8,6,8,8,"Growth,size=2,W=6mo,D=0.01"
"2762",1,1281.97945035446,1747.62906131678,2,35,33,35,35,"Growth,size=2,W=6mo,D=0.01"
"2766",0,4049.03285644781,1220.37383320438,2,23,21,23,23,"Growth,size=2,W=6mo,D=0.01"
"2779",0,2562.11713546591,1780.16057677246,2,18,16,18,18,"Growth,size=2,W=6mo,D=0.01"
"2782",0,0,2445.35777868959,2,12,10,12,12,"Growth,size=2,W=6mo,D=0.01"
"2784",0,520.693907239639,3162.67769947762,2,7,5,7,7,"Growth,size=2,W=6mo,D=0.01"
"2786",0,2808.70232265321,812.916240674812,2,26,24,26,26,"Growth,size=2,W=6mo,D=0.01"
"2788",0,2756.58615939092,481.175327093088,2,15,13,15,15,"Growth,size=2,W=6mo,D=0.01"
"2791",0,838.848796282574,2556.3488492273,2,21,19,21,21,"Growth,size=2,W=6mo,D=0.01"
"2792",0,2987.54250786663,1258.22868028241,2,13,11,13,13,"Growth,size=2,W=6mo,D=0.01"
"2805",2,1474.44208661173,749.316953605177,3,46,40,43,45,"Growth,size=2,W=6mo,D=0.01"
"2818",0,1973.79389493327,2694.32005415625,2,8,6,8,8,"Growth,size=2,W=6mo,D=0.01"
"2834",0,1273.58003770578,1816.44629498847,2,17,15,17,17,"Growth,size=2,W=6mo,D=0.01"
"2835",0,1253.13882875353,825.525542847286,3,39,33,36,38,"Growth,size=2,W=6mo,D=0.01"
"2836",0,1231.38796750262,2591.8952561067,2,27,25,27,27,"Growth,size=2,W=6mo,D=0.01"
"2852",0,569.643140201492,1040.86093765481,2,8,6,8,8,"Growth,size=2,W=6mo,D=0.01"
"2867",0,1658.48889577381,1411.50757495776,2,9,7,9,9,"Growth,size=2,W=6mo,D=0.01"
"2868",0,2485.31158763062,478.190987872576,3,25,19,22,24,"Growth,size=2,W=6mo,D=0.01"
"2883",0,2049.25448525015,732.276139461398,2,28,26,28,28,"Growth,size=2,W=6mo,D=0.01"
"2901",0,3270.91774797459,1016.90821537824,2,29,27,29,29,"Growth,size=2,W=6mo,D=0.01"
"2903",0,457.170403213076,1613.00273820503,3,83,77,80,82,"Growth,size=2,W=6mo,D=0.01"
"2904",0,4578.79560119084,1484.02828589872,2,14,12,14,14,"Growth,size=2,W=6mo,D=0.01"
"2906",0,1388.74337193544,683.045500686914,2,20,18,20,20,"Growth,size=2,W=6mo,D=0.01"
"2917",0,603.019153560594,2668.69470592636,2,13,11,13,13,"Growth,size=2,W=6mo,D=0.01"
"2923",0,1468.97689049427,1968.72409353747,2,17,15,17,17,"Growth,size=2,W=6mo,D=0.01"
"2932",0,2053.66373938619,4349.67084056359,2,78,76,78,78,"Growth,size=2,W=6mo,D=0.01"
"2937",0,874.505640501593,2627.83753434701,2,20,18,20,20,"Growth,size=2,W=6mo,D=0.01"
"2962",0,310.393156069814,2875.03355256247,3,22,16,19,21,"Growth,size=2,W=6mo,D=0.01"
"2965",0,679.642742354636,1011.43926863016,2,9,7,9,9,"Growth,size=2,W=6mo,D=0.01"
"2969",0,4731.34815455089,2039.37782317163,2,26,24,26,26,"Growth,size=2,W=6mo,D=0.01"
"2981",0,1029.47775689101,1963.7912323244,2,21,19,21,21,"Growth,size=2,W=6mo,D=0.01"
"2983",0,1129.8296161511,2576.23156184742,2,32,30,32,32,"Growth,size=2,W=6mo,D=0.01"
"2994",0,427.497404695035,3413.03705441556,2,30,28,30,30,"Growth,size=2,W=6mo,D=0.01"
"2998",0,802.662524020915,2596.58318422232,2,14,12,14,14,"Growth,size=2,W=6mo,D=0.01"
"3014",0,1099.29930206238,3520.55106575069,2,22,20,22,22,"Growth,size=2,W=6mo,D=0.01"
"3017",0,432.623319396099,2005.38582868287,2,29,27,29,29,"Growth,size=2,W=6mo,D=0.01"
"3021",1,917.136435623983,676.459661687377,2,26,24,26,26,"Growth,size=2,W=6mo,D=0.01"
"3024",0,3022.47314445788,1756.80349362633,2,9,8,10,9,"Growth,size=2,W=6mo,D=0.01"
"3026",0,3350.32494504614,1154.6203887663,2,15,13,15,15,"Growth,size=2,W=6mo,D=0.01"
"3034",0,1468.9478031402,3735.30155758527,2,28,26,28,28,"Growth,size=2,W=6mo,D=0.01"
"3060",0,686.078086098794,3018.89938139328,2,16,14,16,16,"Growth,size=2,W=6mo,D=0.01"
"3072",0,1150.69678736145,2346.42085494168,2,42,40,42,42,"Growth,size=2,W=6mo,D=0.01"
"3074",0,0,1762.71648965082,2,8,6,8,8,"Growth,size=2,W=6mo,D=0.01"
"3084",0,1206.2251589776,2036.59097198411,2,19,17,19,19,"Growth,size=2,W=6mo,D=0.01"
"3093",0,1866.79894566675,734.093428116864,2,6,4,6,6,"Growth,size=2,W=6mo,D=0.01"
"3110",0,659.429291856999,1591.34605028215,2,26,24,26,26,"Growth,size=2,W=6mo,D=0.01"
"3111",0,556.36611864836,1984.38026724335,2,21,19,21,21,"Growth,size=2,W=6mo,D=0.01"
"3114",1,3916.72610205137,614.161218113802,2,17,15,17,17,"Growth,size=2,W=6mo,D=0.01"
"3133",0,16.2492140611716,1938.16914336378,2,33,31,33,33,"Growth,size=2,W=6mo,D=0.01"
"3144",0,755.223245652121,2166.02473425982,2,13,11,13,13,"Growth,size=2,W=6mo,D=0.01"
"3147",0,1590.14551219416,2489.37026144669,2,13,11,13,13,"Growth,size=2,W=6mo,D=0.01"
"3153",0,3892.10279913385,2017.97496371773,2,41,39,41,41,"Growth,size=2,W=6mo,D=0.01"
"3161",0,0,4131.82975222899,2,16,14,16,16,"Growth,size=2,W=6mo,D=0.01"
"3164",0,3349.8323677743,4248.29855030945,2,13,11,13,13,"Growth,size=2,W=6mo,D=0.01"
"3177",0,2477.16482058604,3447.48985067914,2,29,27,29,29,"Growth,size=2,W=6mo,D=0.01"
"3197",0,2231.69696695231,3819.42200285068,2,11,9,11,11,"Growth,size=2,W=6mo,D=0.01"
"3208",0,3405.71877893678,4260.84214960537,2,20,18,20,20,"Growth,size=2,W=6mo,D=0.01"
"3210",0,1615.90670523676,334.65620745122,2,2,1,3,2,"Growth,size=2,W=6mo,D=0.01"
"3232",0,799.521339566576,3605.20635594989,2,12,10,12,12,"Growth,size=2,W=6mo,D=0.01"
"3233",0,2979.42915987736,2018.51736808141,2,9,7,9,9,"Growth,size=2,W=6mo,D=0.01"
"3235",0,2604.25898514959,2830.12129738279,2,21,19,21,21,"Growth,size=2,W=6mo,D=0.01"
"3238",0,0,3098.39161126123,2,17,15,17,17,"Growth,size=2,W=6mo,D=0.01"
"3243",0,1481.26290615552,3739.27459031792,3,40,36,39,39,"Growth,size=2,W=6mo,D=0.01"
"3246",0,1404.42415623088,1598.73953591857,2,32,30,32,32,"Growth,size=2,W=6mo,D=0.01"
"3247",0,4474.80282667188,1991.41529392014,2,23,21,23,23,"Growth,size=2,W=6mo,D=0.01"
"3248",0,5859.14547488412,3153.02337974001,2,96,94,96,96,"Growth,size=2,W=6mo,D=0.01"
"3261",0,5436.49583373047,858.676114694088,2,14,12,14,14,"Growth,size=2,W=6mo,D=0.01"
"3267",0,2409.62162050997,1285.67170959512,2,29,27,29,29,"Growth,size=2,W=6mo,D=0.01"
"3269",0,7570.00621262577,2472.59901515194,2,25,23,25,25,"Growth,size=2,W=6mo,D=0.01"
"3276",0,1544.95077185884,3291.64451928064,2,5,3,5,5,"Growth,size=2,W=6mo,D=0.01"
"3286",0,4547.61279344397,871.3243947895,2,32,30,32,32,"Growth,size=2,W=6mo,D=0.01"
"3315",0,4317.19560879548,4312.94281383588,2,56,54,56,56,"Growth,size=2,W=6mo,D=0.01"
"3319",0,0,2727.95772596987,2,14,12,14,14,"Growth,size=2,W=6mo,D=0.01"
"3320",0,1264.21622636707,1295.36087536557,2,14,12,14,14,"Growth,size=2,W=6mo,D=0.01"
"3325",0,404.245751382859,2951.5655706764,2,8,6,8,8,"Growth,size=2,W=6mo,D=0.01"
"3331",0,866.199115237502,1583.90454687118,2,23,21,23,23,"Growth,size=2,W=6mo,D=0.01"
"3338",1,244.12975453402,4055.41959491179,2,41,39,41,41,"Growth,size=2,W=6mo,D=0.01"
"3352",0,745.535340912129,3196.03803847085,3,20,16,19,19,"Growth,size=2,W=6mo,D=0.01"
"3371",1,1643.47757520474,834.004132895436,3,34,28,31,33,"Growth,size=2,W=6mo,D=0.01"
"3401",0,0,1377.35454879982,2,19,17,19,19,"Growth,size=2,W=6mo,D=0.01"
"3440",0,891.836093976084,1976.47389753904,2,22,20,22,22,"Growth,size=2,W=6mo,D=0.01"
"3450",0,1047.56301363384,3062.8838890486,2,71,69,71,71,"Growth,size=2,W=6mo,D=0.01"
"3454",1,3232.97653445508,2592.12652648746,2,10,9,11,10,"Growth,size=2,W=6mo,D=0.01"
"3455",0,6265.87477986129,1041.62059467779,2,10,8,10,10,"Growth,size=2,W=6mo,D=0.01"
"3456",1,1025.38545142215,3593.76608783043,2,19,17,19,19,"Growth,size=2,W=6mo,D=0.01"
"3462",0,155.388822052135,238.648261822478,2,5,3,5,5,"Growth,size=2,W=6mo,D=0.01"
"3475",0,41.8626234437688,2145.53344184058,2,9,7,9,9,"Growth,size=2,W=6mo,D=0.01"
"3479",1,964.381943202041,1587.49497773871,2,15,13,15,15,"Growth,size=2,W=6mo,D=0.01"
"3487",0,1909.96360870464,4024.70131389535,2,32,30,32,32,"Growth,size=2,W=6mo,D=0.01"
"3496",0,4920.21901788378,1546.90253152858,2,28,26,28,28,"Growth,size=2,W=6mo,D=0.01"
"3498",0,2687.60037091057,649.316619232592,2,54,52,54,54,"Growth,size=2,W=6mo,D=0.01"
"3508",0,1027.20211373585,1543.73859675792,2,5,3,5,5,"Growth,size=2,W=6mo,D=0.01"
"3531",0,3145.73756857883,2230.31859135662,2,40,38,40,40,"Growth,size=2,W=6mo,D=0.01"
"3543",0,0,3803.73957721118,2,46,44,46,46,"Growth,size=2,W=6mo,D=0.01"
"3547",0,0,1416.85803679262,2,10,9,11,10,"Growth,size=2,W=6mo,D=0.01"
"3578",1,489.412786652594,806.458776295426,2,105,103,105,105,"Growth,size=2,W=6mo,D=0.01"
"3596",0,906.639106759269,3964.60239607193,2,25,23,25,25,"Growth,size=2,W=6mo,D=0.01"
"3605",1,1098.31398685864,3008.30966674353,2,20,18,20,20,"Growth,size=2,W=6mo,D=0.01"
"3611",0,594.083734325928,1225.61275133348,2,9,7,9,9,"Growth,size=2,W=6mo,D=0.01"
"3612",1,161.755522645751,5312.00437573471,2,18,17,19,18,"Growth,size=2,W=6mo,D=0.01"
"3625",0,1228.23760713379,1878.80473342268,2,20,18,20,20,"Growth,size=2,W=6mo,D=0.01"
"3627",0,1518.42116300873,1399.03039421857,2,19,17,19,19,"Growth,size=2,W=6mo,D=0.01"
"3637",0,3107.0145849899,1741.12570944378,2,29,27,29,29,"Growth,size=2,W=6mo,D=0.01"
"3647",0,4622.17403187715,2151.34630142867,2,8,6,8,8,"Growth,size=2,W=6mo,D=0.01"
"3665",0,3464.92445123613,1115.42979387622,2,15,14,16,15,"Growth,size=2,W=6mo,D=0.01"
"3670",0,230.474832325713,4333.5120766155,2,13,11,13,13,"Growth,size=2,W=6mo,D=0.01"
"3677",0,8.04499681728748,2250.89193441638,2,51,49,51,51,"Growth,size=2,W=6mo,D=0.01"
"3711",0,754.164345053938,1086.03445469796,2,24,22,24,24,"Growth,size=2,W=6mo,D=0.01"
"3712",0,997.621061848785,2374.67696306339,2,58,56,58,58,"Growth,size=2,W=6mo,D=0.01"
"3715",0,736.990174324603,1977.87133216965,2,29,27,29,29,"Growth,size=2,W=6mo,D=0.01"
"3737",0,1830.47137016164,2533.66207287044,2,23,21,23,23,"Growth,size=2,W=6mo,D=0.01"
"3738",0,3763.19634176984,2508.90506004945,2,11,9,11,11,"Growth,size=2,W=6mo,D=0.01"
"3747",0,2031.41514457717,1364.43245732368,2,25,23,25,25,"Growth,size=2,W=6mo,D=0.01"
"3753",0,4833.72946930263,2639.0899575433,2,24,22,24,24,"Growth,size=2,W=6mo,D=0.01"
"3761",0,475.37688898454,2363.0126512807,2,19,17,19,19,"Growth,size=2,W=6mo,D=0.01"
"3767",1,1975.33198007172,645.976050402419,2,14,12,14,14,"Growth,size=2,W=6mo,D=0.01"
"3793",0,0,2785.00184714451,2,23,21,23,23,"Growth,size=2,W=6mo,D=0.01"
"3816",0,2082.40392923341,3576.77593349122,2,24,22,24,24,"Growth,size=2,W=6mo,D=0.01"
"3836",0,2587.55389633354,1213.06651295385,2,25,24,26,25,"Growth,size=2,W=6mo,D=0.01"
"3865",0,544.069842492887,807.262102694392,2,7,5,7,7,"Growth,size=2,W=6mo,D=0.01"
"3869",0,1311.11936569686,2244.23477306347,2,10,9,11,10,"Growth,size=2,W=6mo,D=0.01"
"3877",0,56.1114103655059,1600.16456934286,2,21,19,21,21,"Growth,size=2,W=6mo,D=0.01"
"3880",0,0,4623.28451629287,2,19,17,19,19,"Growth,size=2,W=6mo,D=0.01"
"3883",0,530.703920562453,1147.91444079938,2,16,14,16,16,"Growth,size=2,W=6mo,D=0.01"
"3894",0,0,3358.53676302277,3,23,19,22,22,"Growth,size=2,W=6mo,D=0.01"
"3900",0,2594.68661247973,4312.64442408435,2,23,21,23,23,"Growth,size=2,W=6mo,D=0.01"
"3902",0,390.953728875962,1651.36645927007,2,28,26,28,28,"Growth,size=2,W=6mo,D=0.01"
"3916",0,4760.03400020106,1184.49205321083,2,30,28,30,30,"Growth,size=2,W=6mo,D=0.01"
"3921",0,1696.37186347727,3536.04271751604,2,30,28,30,30,"Growth,size=2,W=6mo,D=0.01"
"3925",0,5086.22644230789,2016.10185250396,2,9,7,9,9,"Growth,size=2,W=6mo,D=0.01"
"3956",0,2066.03933627553,1856.19535476123,2,21,20,22,21,"Growth,size=2,W=6mo,D=0.01"
"3960",0,990.754813823853,4839.54125970997,2,32,30,32,32,"Growth,size=2,W=6mo,D=0.01"
"3962",0,1112.13302935231,2277.86311630453,2,15,13,15,15,"Growth,size=2,W=6mo,D=0.01"
"3966",0,404.444399655457,1880.34718781851,2,25,23,25,25,"Growth,size=2,W=6mo,D=0.01"
"3972",0,2076.48616808955,1117.11721822993,2,67,65,67,67,"Growth,size=2,W=6mo,D=0.01"
"3974",0,302.359441033341,806.683786800464,2,22,20,22,22,"Growth,size=2,W=6mo,D=0.01"
"3975",0,941.228763973297,1152.62681331322,2,15,13,15,15,"Growth,size=2,W=6mo,D=0.01"
"3978",0,1711.71972796347,5351.34151272941,2,24,22,24,24,"Growth,size=2,W=6mo,D=0.01"
"3979",0,0,6057.09536541171,2,17,15,17,17,"Growth,size=2,W=6mo,D=0.01"
"3981",0,903.520547588258,3290.37294590697,2,7,5,7,7,"Growth,size=2,W=6mo,D=0.01"
"3982",0,266.263424894436,1367.99776124898,2,19,17,19,19,"Growth,size=2,W=6mo,D=0.01"
"3983",0,1619.32800036923,1734.64130756069,2,20,18,20,20,"Growth,size=2,W=6mo,D=0.01"
"3990",0,963.327391451932,1032.41863113223,2,5,3,5,5,"Growth,size=2,W=6mo,D=0.01"
"3998",0,686.459961069329,4152.7250967144,2,18,16,18,18,"Growth,size=2,W=6mo,D=0.01"
"4010",1,1327.4809611413,491.579722482899,2,18,16,18,18,"Growth,size=2,W=6mo,D=0.01"
"4015",0,7136.65009835575,2205.91168784792,2,23,21,23,23,"Growth,size=2,W=6mo,D=0.01"
"4017",0,1221.25197371057,1749.62847228778,2,26,24,26,26,"Growth,size=2,W=6mo,D=0.01"
"4022",1,1685.80018182362,1419.63470311376,2,4,3,5,4,"Growth,size=2,W=6mo,D=0.01"
"4024",1,1669.36242770028,820.845581930223,2,21,19,21,21,"Growth,size=2,W=6mo,D=0.01"
"4033",1,0,2977.89087089915,2,15,13,15,15,"Growth,size=2,W=6mo,D=0.01"
"4038",0,599.084673444005,1265.07026145183,2,10,8,10,10,"Growth,size=2,W=6mo,D=0.01"
"4053",0,926.245152092677,2567.07742078018,2,63,61,63,63,"Growth,size=2,W=6mo,D=0.01"
"4059",0,1503.51804520945,1994.91775236996,2,11,9,11,11,"Growth,size=2,W=6mo,D=0.01"
"4061",2,557.121052197816,1448.62015242107,2,25,23,25,25,"Growth,size=2,W=6mo,D=0.01"
"4086",0,1222.51466750869,1777.23560975019,2,19,17,19,19,"Growth,size=2,W=6mo,D=0.01"
"4088",0,3682.01082607251,759.511353267042,2,27,25,27,27,"Growth,size=2,W=6mo,D=0.01"
"4090",0,2745.29967219227,659.665617351675,2,13,11,13,13,"Growth,size=2,W=6mo,D=0.01"
"4096",0,3258.56424064962,3015.48191578368,2,21,19,21,21,"Growth,size=2,W=6mo,D=0.01"
"4116",0,1560.28016282642,1065.06300407468,2,26,24,26,26,"Growth,size=2,W=6mo,D=0.01"
"4121",0,1254.18354194006,3171.67221344824,2,19,17,19,19,"Growth,size=2,W=6mo,D=0.01"
"4124",0,1649.75843208588,974.721131709423,2,59,57,59,59,"Growth,size=2,W=6mo,D=0.01"
"4130",0,0,2684.37549275337,2,25,23,25,25,"Growth,size=2,W=6mo,D=0.01"
"4140",0,97.1499880479655,3608.21169870813,2,12,10,12,12,"Growth,size=2,W=6mo,D=0.01"
"4146",0,1889.73077497075,475.191401812105,3,27,21,24,26,"Growth,size=2,W=6mo,D=0.01"
"4160",0,1101.1357647275,3201.19145356615,2,29,27,29,29,"Growth,size=2,W=6mo,D=0.01"
"4172",1,1423.36017750391,1602.68492673366,2,41,39,41,41,"Growth,size=2,W=6mo,D=0.01"
"4177",0,4557.93758789158,3727.95488898178,2,22,20,22,22,"Growth,size=2,W=6mo,D=0.01"
"4184",0,848.658616109979,1679.93500837563,2,30,28,30,30,"Growth,size=2,W=6mo,D=0.01"
"4194",0,101.371422165863,3293.88897913978,2,26,24,26,26,"Growth,size=2,W=6mo,D=0.01"
"4202",1,2282.2197848216,1396.16734795134,2,43,41,43,43,"Growth,size=2,W=6mo,D=0.01"
"4246",0,2059.14245608859,1816.20120224143,2,18,16,18,18,"Growth,size=2,W=6mo,D=0.01"
"4252",0,0,1127.06584523369,2,18,16,18,18,"Growth,size=2,W=6mo,D=0.01"
"4255",0,2274.98159243481,2396.30302646547,2,11,9,11,11,"Growth,size=2,W=6mo,D=0.01"
"4274",0,1314.99769782007,1579.34059948956,2,32,30,32,32,"Growth,size=2,W=6mo,D=0.01"
"4276",0,523.703950820127,1783.9313026858,2,20,18,20,20,"Growth,size=2,W=6mo,D=0.01"
"4287",0,976.642626037878,1976.43232515043,3,30,24,27,29,"Growth,size=2,W=6mo,D=0.01"
"4291",0,3300.39631233512,2863.08999224548,2,49,47,49,49,"Growth,size=2,W=6mo,D=0.01"
"4308",0,334.066709458807,2266.87289880362,2,18,16,18,18,"Growth,size=2,W=6mo,D=0.01"
"4329",0,127.136406206328,2330.30813599069,2,9,7,9,9,"Growth,size=2,W=6mo,D=0.01"
"4343",0,949.523527005924,1832.90470828415,2,22,20,22,22,"Growth,size=2,W=6mo,D=0.01"
"4370",0,267.779804551513,2134.97087649158,2,16,14,16,16,"Growth,size=2,W=6mo,D=0.01"
"4374",0,2011.15017288583,1916.912978115,2,20,18,20,20,"Growth,size=2,W=6mo,D=0.01"
"4375",1,0,2645.61596326083,2,23,21,23,23,"Growth,size=2,W=6mo,D=0.01"
"4376",0,1849.54778490362,3936.52169072052,2,36,34,36,36,"Growth,size=2,W=6mo,D=0.01"
"4385",0,5011.47458844659,1488.91277363223,2,19,17,19,19,"Growth,size=2,W=6mo,D=0.01"
"4395",0,2573.12747983751,429.697377000838,2,35,33,35,35,"Growth,size=2,W=6mo,D=0.01"
"4404",0,1143.18792583327,1176.93491505844,2,20,18,20,20,"Growth,size=2,W=6mo,D=0.01"
"4416",0,243.890109523733,1749.56324164316,2,16,14,16,16,"Growth,size=2,W=6mo,D=0.01"
"4417",0,2611.05431508736,930.262820138216,3,38,32,35,37,"Growth,size=2,W=6mo,D=0.01"
"4419",0,1589.51401531884,499.374117755971,2,26,24,26,26,"Growth,size=2,W=6mo,D=0.01"
"4422",0,907.421887538301,869.84089068488,2,19,17,19,19,"Growth,size=2,W=6mo,D=0.01"
"4426",0,2076.11675638073,1799.70591441091,2,6,4,6,6,"Growth,size=2,W=6mo,D=0.01"
"4435",0,2186.40072015653,789.853203018977,2,14,12,14,14,"Growth,size=2,W=6mo,D=0.01"
"4444",1,313.790248911289,4189.40130194123,2,9,7,9,9,"Growth,size=2,W=6mo,D=0.01"
"4462",0,1419.34509819585,1453.91553968764,2,28,26,28,28,"Growth,size=2,W=6mo,D=0.01"
"4463",0,1279.70091714569,1760.4571559134,2,37,35,37,37,"Growth,size=2,W=6mo,D=0.01"
"4464",0,1372.06603365922,1288.97379413341,2,18,16,18,18,"Growth,size=2,W=6mo,D=0.01"
"4487",0,6495.92781578194,1206.43637050888,2,33,31,33,33,"Growth,size=2,W=6mo,D=0.01"
"4491",0,1086.15331580453,3800.37462420943,2,36,34,36,36,"Growth,size=2,W=6mo,D=0.01"
"4508",0,7206.4838826156,1508.86729994457,2,60,58,60,60,"Growth,size=2,W=6mo,D=0.01"
"4509",0,3310.9877708883,1745.07966481915,2,18,16,18,18,"Growth,size=2,W=6mo,D=0.01"
"4513",0,1000.64511432759,1800.35174960673,2,20,18,20,20,"Growth,size=2,W=6mo,D=0.01"
"4541",0,645.480920993755,3154.41743475046,2,15,13,15,15,"Growth,size=2,W=6mo,D=0.01"
"4544",0,2879.63535725798,1747.64811855752,2,50,48,50,50,"Growth,size=2,W=6mo,D=0.01"
"4561",0,2182.58344837054,1148.1922412365,2,5,3,5,5,"Growth,size=2,W=6mo,D=0.01"
"4566",0,2466.95575973796,1200.19356125139,2,28,26,28,28,"Growth,size=2,W=6mo,D=0.01"
"4569",0,0,2174.96619629767,2,61,59,61,61,"Growth,size=2,W=6mo,D=0.01"
"4582",0,1016.16218263961,2141.21451670833,3,23,17,20,22,"Growth,size=2,W=6mo,D=0.01"
"4597",0,340.923151802097,1200.29658069123,2,12,10,12,12,"Growth,size=2,W=6mo,D=0.01"
"4617",0,5186.67758974138,1082.35750278074,2,19,17,19,19,"Growth,size=2,W=6mo,D=0.01"
"4620",0,6002.98754600473,5068.09570914648,2,25,23,25,25,"Growth,size=2,W=6mo,D=0.01"
"4637",1,1732.98526173456,551.154909813613,2,18,16,18,18,"Growth,size=2,W=6mo,D=0.01"
"4645",0,728.112582948395,2600.62675222318,2,16,14,16,16,"Growth,size=2,W=6mo,D=0.01"
"4651",0,5937.12097006021,2794.46259567535,2,50,48,50,50,"Growth,size=2,W=6mo,D=0.01"
"4673",0,259.009637700692,3741.27244046724,2,16,14,16,16,"Growth,size=2,W=6mo,D=0.01"
"4691",1,421.908948478514,662.242668438432,2,11,9,11,11,"Growth,size=2,W=6mo,D=0.01"
"4696",0,956.128740732262,4441.6005579467,2,24,22,24,24,"Growth,size=2,W=6mo,D=0.01"
"4711",0,4854.25457014892,10220.3777303029,2,18,16,18,18,"Growth,size=2,W=6mo,D=0.01"
"4717",0,0,1750.71608727661,2,11,9,11,11,"Growth,size=2,W=6mo,D=0.01"
"4735",0,962.284257832299,3811.57265206196,2,12,10,12,12,"Growth,size=2,W=6mo,D=0.01"
"4742",0,2802.35443211269,1171.41543967052,2,20,18,20,20,"Growth,size=2,W=6mo,D=0.01"
"4769",0,2725.23338045757,3563.11002976075,2,28,26,28,28,"Growth,size=2,W=6mo,D=0.01"
"4778",0,1311.05855727247,2752.01647207372,3,17,12,15,16,"Growth,size=2,W=6mo,D=0.01"
"4781",0,1371.8736642857,1300.83483081967,2,16,14,16,16,"Growth,size=2,W=6mo,D=0.01"
"4786",0,5358.1141479763,1142.44229909013,2,22,20,22,22,"Growth,size=2,W=6mo,D=0.01"
"4794",0,881.584038859377,1471.351032974,2,27,25,27,27,"Growth,size=2,W=6mo,D=0.01"
"4795",0,3293.6741381885,798.854202390082,2,27,25,27,27,"Growth,size=2,W=6mo,D=0.01"
"4796",0,401.813068432059,1554.36017644363,2,13,11,13,13,"Growth,size=2,W=6mo,D=0.01"
"4803",0,1353.75648020709,1979.749050903,2,40,38,40,40,"Growth,size=2,W=6mo,D=0.01"
"4804",0,816.312736528058,3147.81627471427,2,17,15,17,17,"Growth,size=2,W=6mo,D=0.01"
"4814",0,4555.64105702861,1052.27836045914,2,35,33,35,35,"Growth,size=2,W=6mo,D=0.01"
"4815",1,992.989642586165,1335.50016166527,2,21,19,21,21,"Growth,size=2,W=6mo,D=0.01"
"4822",0,607.987256025478,1421.37883911657,2,54,52,54,54,"Growth,size=2,W=6mo,D=0.01"
"4827",0,13.0755866717764,2908.39992327173,2,18,16,18,18,"Growth,size=2,W=6mo,D=0.01"
"4860",0,1425.98478241536,1288.56051612436,2,9,7,9,9,"Growth,size=2,W=6mo,D=0.01"
"4867",0,134.69847480446,2650.50488480558,2,69,67,69,69,"Growth,size=2,W=6mo,D=0.01"
"4882",0,2539.99721827307,1844.07312230324,2,22,20,22,22,"Growth,size=2,W=6mo,D=0.01"
"4883",0,2725.05198835774,5065.43307932902,2,12,10,12,12,"Growth,size=2,W=6mo,D=0.01"
"4887",0,912.418751756294,1373.72529705759,2,34,32,34,34,"Growth,size=2,W=6mo,D=0.01"
"4891",0,1958.55333622069,986.187872759744,2,14,12,14,14,"Growth,size=2,W=6mo,D=0.01"
"4896",0,181.849133055058,1828.38488108676,2,16,14,16,16,"Growth,size=2,W=6mo,D=0.01"
"4901",0,3431.82429316992,1557.51330475036,2,26,24,26,26,"Growth,size=2,W=6mo,D=0.01"
"4902",0,0,3378.33789690814,2,18,16,18,18,"Growth,size=2,W=6mo,D=0.01"
"4906",0,666.453752906515,1495.31002897009,2,18,16,18,18,"Growth,size=2,W=6mo,D=0.01"
"4907",0,1483.44419533374,850.745622013785,2,21,19,21,21,"Growth,size=2,W=6mo,D=0.01"
"4915",0,7744.53168779556,3300.45479031364,2,7,5,7,7,"Growth,size=2,W=6mo,D=0.01"
"4917",0,2509.71195669955,1484.73025906257,2,32,30,32,32,"Growth,size=2,W=6mo,D=0.01"
"4926",2,1414.86797313633,3968.1126680049,2,30,28,30,30,"Growth,size=2,W=6mo,D=0.01"
"4929",0,2020.51523000364,1591.54971572598,2,7,6,8,7,"Growth,size=2,W=6mo,D=0.01"
"4953",1,841.107582556459,3463.08103149238,2,19,17,19,19,"Growth,size=2,W=6mo,D=0.01"
"4955",0,4367.6158871213,1940.66122367231,2,17,15,17,17,"Growth,size=2,W=6mo,D=0.01"
"4959",1,3760.1828035844,282.134905246814,2,8,6,8,8,"Growth,size=2,W=6mo,D=0.01"
"4971",0,122.91893498817,363.151793361492,2,4,2,4,4,"Growth,size=2,W=6mo,D=0.01"
"4973",1,925.193998360751,1263.13987088138,2,41,39,41,41,"Growth,size=2,W=6mo,D=0.01"
"4978",0,0,2507.00438802034,2,28,26,28,28,"Growth,size=2,W=6mo,D=0.01"
"5008",0,1055.83497564736,1059.80985827238,2,6,4,6,6,"Growth,size=2,W=6mo,D=0.01"
"5015",0,794.375271314447,3723.00874429448,2,22,20,22,22,"Growth,size=2,W=6mo,D=0.01"
"5017",0,107.239390083683,427.544499880241,2,25,23,25,25,"Growth,size=2,W=6mo,D=0.01"
"5027",0,2239.61634492318,714.226840585336,2,10,8,10,10,"Growth,size=2,W=6mo,D=0.01"
"5039",0,3909.87517976106,2185.45797074851,2,15,13,15,15,"Growth,size=2,W=6mo,D=0.01"
"5041",1,609.938491375153,654.691176272891,2,18,16,18,18,"Growth,size=2,W=6mo,D=0.01"
"5043",0,4760.03209837208,1408.94733264465,2,19,17,19,19,"Growth,size=2,W=6mo,D=0.01"
"5051",0,1685.81799993717,1985.48418489334,2,22,20,22,22,"Growth,size=2,W=6mo,D=0.01"
"5052",1,1070.44199097612,2512.78654156153,2,27,25,27,27,"Growth,size=2,W=6mo,D=0.01"
"5053",0,0,682.467678037061,2,21,19,21,21,"Growth,size=2,W=6mo,D=0.01"
"5054",0,311.382133111709,1991.23769658897,2,7,5,7,7,"Growth,size=2,W=6mo,D=0.01"
"5075",0,127.049795945833,567.865169492553,2,22,20,22,22,"Growth,size=2,W=6mo,D=0.01"
"5089",0,4191.02016882538,1602.78271644997,2,13,11,13,13,"Growth,size=2,W=6mo,D=0.01"
"5093",0,610.606469866552,1296.15762323485,2,12,10,12,12,"Growth,size=2,W=6mo,D=0.01"
"5099",0,89.3080221364212,2086.3036712209,2,8,6,8,8,"Growth,size=2,W=6mo,D=0.01"
"5104",0,1128.88643309837,2206.04248345369,2,23,21,23,23,"Growth,size=2,W=6mo,D=0.01"
"5127",0,2195.19904058842,1298.86967236763,2,20,18,20,20,"Growth,size=2,W=6mo,D=0.01"
"5136",0,1909.44236648426,872.347987457495,2,32,30,32,32,"Growth,size=2,W=6mo,D=0.01"
"5145",0,1806.12464731618,1851.13982170733,2,33,31,33,33,"Growth,size=2,W=6mo,D=0.01"
"5153",0,685.154544792773,1892.90440482663,2,26,24,26,26,"Growth,size=2,W=6mo,D=0.01"
"5162",0,1070.77595971114,1084.64183989484,2,34,32,34,34,"Growth,size=2,W=6mo,D=0.01"
"5163",0,0,4710.20171813709,2,18,16,18,18,"Growth,size=2,W=6mo,D=0.01"
"5185",0,72.8543105236408,1857.15221551298,2,14,12,14,14,"Growth,size=2,W=6mo,D=0.01"
"5204",0,3869.48455468448,1643.96965801108,2,15,13,15,15,"Growth,size=2,W=6mo,D=0.01"
"5210",0,0,2284.36063560057,2,17,15,17,17,"Growth,size=2,W=6mo,D=0.01"
"5231",1,508.936920741354,1334.04072181537,2,11,9,11,11,"Growth,size=2,W=6mo,D=0.01"
"5254",0,461.574785767863,2890.54382472981,2,41,39,41,41,"Growth,size=2,W=6mo,D=0.01"
"5265",0,153.936563050468,3464.75047220108,2,14,12,14,14,"Growth,size=2,W=6mo,D=0.01"
"5270",0,888.467249098848,4908.68428929494,2,28,26,28,28,"Growth,size=2,W=6mo,D=0.01"
"5279",1,1123.73787384285,451.683189242939,2,19,17,19,19,"Growth,size=2,W=6mo,D=0.01"
"5307",0,509.677758009032,1799.91679695525,2,9,7,9,9,"Growth,size=2,W=6mo,D=0.01"
"5313",0,709.16017509426,2430.80079685701,2,19,17,19,19,"Growth,size=2,W=6mo,D=0.01"
"5337",0,0,797.004688543965,2,23,21,23,23,"Growth,size=2,W=6mo,D=0.01"
"5363",0,1410.10122608887,4867.88655313017,2,115,113,115,115,"Growth,size=2,W=6mo,D=0.01"
"5364",0,1347.71705633257,1563.5017848406,2,14,12,14,14,"Growth,size=2,W=6mo,D=0.01"
"5369",0,1553.4561838801,2652.50126401837,2,13,11,13,13,"Growth,size=2,W=6mo,D=0.01"
"5387",0,1321.22686690677,748.35028808854,2,24,22,24,24,"Growth,size=2,W=6mo,D=0.01"
"5406",0,0,2342.34013514186,2,13,11,13,13,"Growth,size=2,W=6mo,D=0.01"
"5426",0,126.014450203301,4117.16216597188,2,23,21,23,23,"Growth,size=2,W=6mo,D=0.01"
"5430",0,659.069716994237,2306.51323297964,2,15,13,15,15,"Growth,size=2,W=6mo,D=0.01"
"5443",0,2042.51497873313,1692.88814118321,2,14,12,14,14,"Growth,size=2,W=6mo,D=0.01"
"5453",0,0,2991.83915543086,2,12,11,13,12,"Growth,size=2,W=6mo,D=0.01"
"5466",0,1184.62970008079,1603.09644701653,3,35,29,32,34,"Growth,size=2,W=6mo,D=0.01"
"5470",0,1987.18198867924,757.904690919282,2,23,21,23,23,"Growth,size=2,W=6mo,D=0.01"
"5478",0,128.083287203565,919.809478800853,2,22,20,22,22,"Growth,size=2,W=6mo,D=0.01"
"5481",0,2019.40636862108,914.25179948322,2,15,14,16,15,"Growth,size=2,W=6mo,D=0.01"
"5489",0,651.883347059118,1918.44067614466,2,16,14,16,16,"Growth,size=2,W=6mo,D=0.01"
"5491",0,5727.0682421055,1330.49734340478,2,20,18,20,20,"Growth,size=2,W=6mo,D=0.01"
"5494",0,1528.52577729938,2989.02353519698,2,21,19,21,21,"Growth,size=2,W=6mo,D=0.01"
"5498",0,1229.31422054053,1469.49631039702,2,2,0,2,2,"Growth,size=2,W=6mo,D=0.01"
"5527",0,471.039993601244,2087.70633909602,2,10,9,11,10,"Growth,size=2,W=6mo,D=0.01"
"5542",0,1655.77787300559,1915.39773476604,2,110,108,110,110,"Growth,size=2,W=6mo,D=0.01"
"5544",0,2747.36079450174,2496.14164670452,2,20,18,20,20,"Growth,size=2,W=6mo,D=0.01"
"5553",0,1271.88669546414,1595.60184003256,2,60,58,60,60,"Growth,size=2,W=6mo,D=0.01"
"5556",0,0,6134.25956167267,2,11,9,11,11,"Growth,size=2,W=6mo,D=0.01"
"5565",0,0,2276.29798061164,2,41,39,41,41,"Growth,size=2,W=6mo,D=0.01"
"5572",0,2051.12909326802,1218.79708595927,2,15,13,15,15,"Growth,size=2,W=6mo,D=0.01"
"5574",1,1059.45359432527,263.766128605478,2,3,2,4,3,"Growth,size=2,W=6mo,D=0.01"
"5583",0,256.459557104243,4623.63620935227,2,14,12,14,14,"Growth,size=2,W=6mo,D=0.01"
"5584",0,2078.68818530186,2008.60595046748,2,23,21,23,23,"Growth,size=2,W=6mo,D=0.01"
"5591",0,420.594531316506,537.312301251978,2,13,11,13,13,"Growth,size=2,W=6mo,D=0.01"
"5594",1,973.475168225152,1889.21975236571,2,17,15,17,17,"Growth,size=2,W=6mo,D=0.01"
"5598",0,720.206512488914,918.442578707247,2,19,17,19,19,"Growth,size=2,W=6mo,D=0.01"
"5600",0,4048.34945091608,1798.03071260755,2,18,16,18,18,"Growth,size=2,W=6mo,D=0.01"
"5610",0,1152.03314456632,2189.64192767273,2,32,30,32,32,"Growth,size=2,W=6mo,D=0.01"
"5611",0,215.596943726394,4442.39812077306,2,15,13,15,15,"Growth,size=2,W=6mo,D=0.01"
"5619",0,0,2089.06902083303,2,5,3,5,5,"Growth,size=2,W=6mo,D=0.01"
"5621",0,1387.88461349124,1574.30882053758,2,20,18,20,20,"Growth,size=2,W=6mo,D=0.01"
"5628",0,345.579523490775,1519.66270887768,2,10,8,10,10,"Growth,size=2,W=6mo,D=0.01"
"5634",0,6459.10989063982,1069.1647053063,3,16,10,13,15,"Growth,size=2,W=6mo,D=0.01"
"5645",0,1530.77315193388,403.206592606321,2,16,14,16,16,"Growth,size=2,W=6mo,D=0.01"
"5648",1,1165.42681822948,2357.89487533563,2,18,16,18,18,"Growth,size=2,W=6mo,D=0.01"
"5672",0,0,4158.23896876735,2,25,23,25,25,"Growth,size=2,W=6mo,D=0.01"
"5686",0,794.188423997224,1546.8742082509,2,18,16,18,18,"Growth,size=2,W=6mo,D=0.01"
"5690",0,0,1854.08163972876,2,44,42,44,44,"Growth,size=2,W=6mo,D=0.01"
"5706",0,794.202593437262,1637.71358566147,2,18,16,18,18,"Growth,size=2,W=6mo,D=0.01"
"5710",0,1466.43246303449,2598.67767271048,2,12,10,12,12,"Growth,size=2,W=6mo,D=0.01"
"5715",0,259.910433083574,2345.3567310087,2,33,31,33,33,"Growth,size=2,W=6mo,D=0.01"
"5724",0,5160.95533355991,661.95928792299,2,8,6,8,8,"Growth,size=2,W=6mo,D=0.01"
"5737",0,2307.15816984928,880.201390003207,2,14,12,14,14,"Growth,size=2,W=6mo,D=0.01"
"5753",0,7703.38160658488,2743.1125754269,3,31,25,28,30,"Growth,size=2,W=6mo,D=0.01"
"5760",0,1514.68218703209,1697.59841046958,2,6,4,6,6,"Growth,size=2,W=6mo,D=0.01"
"5776",0,595.084493796968,2295.13864020007,2,8,6,8,8,"Growth,size=2,W=6mo,D=0.01"
"5780",0,801.084855822213,2538.41236191669,2,21,19,21,21,"Growth,size=2,W=6mo,D=0.01"
"5785",0,689.409946246087,2829.0356932407,2,8,6,8,8,"Growth,size=2,W=6mo,D=0.01"
"5786",0,0,696.711530537474,2,47,45,47,47,"Growth,size=2,W=6mo,D=0.01"
"5797",0,157.249425363007,3032.17794105492,2,16,14,16,16,"Growth,size=2,W=6mo,D=0.01"
"5815",0,0,3304.52101216381,2,60,58,60,60,"Growth,size=2,W=6mo,D=0.01"
"5817",0,1073.32094033617,2181.02738883758,2,11,9,11,11,"Growth,size=2,W=6mo,D=0.01"
"5835",0,3923.91941660788,881.202255731963,3,42,36,39,41,"Growth,size=2,W=6mo,D=0.01"
"5849",0,1108.89408492693,2517.66090147389,2,28,26,28,28,"Growth,size=2,W=6mo,D=0.01"
"5864",0,39.0886468526777,915.510749083589,2,15,13,15,15,"Growth,size=2,W=6mo,D=0.01"
"5870",0,713.7586350381,4052.1226425648,2,13,11,13,13,"Growth,size=2,W=6mo,D=0.01"
"5871",0,1878.10801420265,1800.8390518134,2,8,7,9,8,"Growth,size=2,W=6mo,D=0.01"
"5872",0,0,3642.02061233023,2,18,16,18,18,"Growth,size=2,W=6mo,D=0.01"
"5874",0,1406.12745888851,4295.78864329874,2,25,23,25,25,"Growth,size=2,W=6mo,D=0.01"
"5879",0,1993.15824476068,3024.262967054,2,25,23,25,25,"Growth,size=2,W=6mo,D=0.01"
"5887",0,863.323353161435,1163.48144448008,2,2,1,3,2,"Growth,size=2,W=6mo,D=0.01"
"5894",1,299.620044783889,921.68142047545,2,9,8,10,9,"Growth,size=2,W=6mo,D=0.01"
"5900",0,2151.42409369264,1230.2015282148,2,41,39,41,41,"Growth,size=2,W=6mo,D=0.01"
"5908",0,1325.41647377108,1253.19005627167,2,22,20,22,22,"Growth,size=2,W=6mo,D=0.01"
"5911",0,4017.72163554324,2233.38325307886,2,15,13,15,15,"Growth,size=2,W=6mo,D=0.01"
"5942",0,448.007537145026,779.483020884814,2,12,10,12,12,"Growth,size=2,W=6mo,D=0.01"
"5946",0,1835.65616405046,2489.07017977575,2,18,16,18,18,"Growth,size=2,W=6mo,D=0.01"
"5953",0,228.455502008833,779.919740515642,2,44,42,44,44,"Growth,size=2,W=6mo,D=0.01"
"5960",0,557.72801654657,3239.82813155071,2,8,6,8,8,"Growth,size=2,W=6mo,D=0.01"
"5983",0,401.107008153703,956.642112579863,2,13,11,13,13,"Growth,size=2,W=6mo,D=0.01"
"5992",0,1710.27824746512,1422.21150370744,2,29,27,29,29,"Growth,size=2,W=6mo,D=0.01"
"5998",0,1478.25418059714,4381.43991170912,2,16,14,16,16,"Growth,size=2,W=6mo,D=0.01"
"5999",0,1097.57838972997,603.535929581412,2,22,20,22,22,"Growth,size=2,W=6mo,D=0.01"
"6000",0,759.693037766182,1056.08342038254,3,35,29,32,34,"Growth,size=2,W=6mo,D=0.01"
"6009",0,888.40693489015,2943.80310347373,2,29,27,29,29,"Growth,size=2,W=6mo,D=0.01"
"6011",0,872.977049458453,2613.54889961828,3,15,9,12,14,"Growth,size=2,W=6mo,D=0.01"
"6014",0,2271.07910714472,592.486986706939,2,29,27,29,29,"Growth,size=2,W=6mo,D=0.01"
"6026",0,2885.37026132163,970.219230969729,2,30,28,30,30,"Growth,size=2,W=6mo,D=0.01"
"6027",0,0,1918.23809347687,2,32,30,32,32,"Growth,size=2,W=6mo,D=0.01"
"6029",0,2293.75721842434,853.904506861325,2,16,14,16,16,"Growth,size=2,W=6mo,D=0.01"
"6038",0,1359.82872632073,1923.7824710565,2,50,48,50,50,"Growth,size=2,W=6mo,D=0.01"
"6041",0,3103.20793156065,1995.23214002631,2,69,67,69,69,"Growth,size=2,W=6mo,D=0.01"
"6042",0,4631.11336389056,832.347178851959,2,17,15,17,17,"Growth,size=2,W=6mo,D=0.01"
"6066",0,2511.73881044274,1358.59292098338,2,22,20,22,22,"Growth,size=2,W=6mo,D=0.01"
"6092",1,3817.08405303122,4571.87880860526,2,19,17,19,19,"Growth,size=2,W=6mo,D=0.01"
"6113",0,284.751738228966,5249.6728140822,2,16,14,16,16,"Growth,size=2,W=6mo,D=0.01"
"6117",0,2763.32347968924,3334.2434791349,2,20,18,20,20,"Growth,size=2,W=6mo,D=0.01"
"6123",0,696.969343305267,2639.52750516997,2,4,3,5,4,"Growth,size=2,W=6mo,D=0.01"
"6140",0,0,2568.88507466268,2,31,29,31,31,"Growth,size=2,W=6mo,D=0.01"
"6142",0,2989.9644923821,1399.46656657573,2,16,14,16,16,"Growth,size=2,W=6mo,D=0.01"
"6154",0,1659.01547502928,1603.87565916433,2,24,22,24,24,"Growth,size=2,W=6mo,D=0.01"
"6183",0,0,3154.17541989326,2,14,12,14,14,"Growth,size=2,W=6mo,D=0.01"
"6198",0,2102.68115950802,2027.22539447047,2,32,30,32,32,"Growth,size=2,W=6mo,D=0.01"
"6200",0,2051.24954826674,1178.83268945221,2,15,13,15,15,"Growth,size=2,W=6mo,D=0.01"
"6205",0,2539.68179755348,3120.25816549932,2,28,26,28,28,"Growth,size=2,W=6mo,D=0.01"
"6219",0,2144.60735696897,1984.631380284,2,12,10,12,12,"Growth,size=2,W=6mo,D=0.01"
"6243",0,2632.80204300458,1093.72049904814,2,19,17,19,19,"Growth,size=2,W=6mo,D=0.01"
"6246",1,4129.20653922361,3748.50590697513,2,31,29,31,31,"Growth,size=2,W=6mo,D=0.01"
"6256",0,3175.84504177191,2660.91723283943,2,6,5,7,6,"Growth,size=2,W=6mo,D=0.01"
"6258",0,1033.1573080076,666.90524760994,2,23,21,23,23,"Growth,size=2,W=6mo,D=0.01"
"6273",0,0,896.863407733015,2,7,5,7,7,"Growth,size=2,W=6mo,D=0.01"
"6292",0,515.526408851466,1745.77483052644,2,19,17,19,19,"Growth,size=2,W=6mo,D=0.01"
"6296",0,1616.97647246901,1896.19643721741,2,106,104,106,106,"Growth,size=2,W=6mo,D=0.01"
"6303",1,2833.53174042323,693.799085257614,2,13,11,13,13,"Growth,size=2,W=6mo,D=0.01"
"6314",0,550.420072999921,1479.52954112136,2,8,6,8,8,"Growth,size=2,W=6mo,D=0.01"
"6325",0,1689.33387726217,2655.6584100785,2,10,8,10,10,"Growth,size=2,W=6mo,D=0.01"
"6328",0,489.722810245308,2374.50544545273,2,25,23,25,25,"Growth,size=2,W=6mo,D=0.01"
"6338",0,1106.78547276142,1177.51893824455,2,6,4,6,6,"Growth,size=2,W=6mo,D=0.01"
"6342",0,1779.25858045991,3684.13398511258,2,4,3,5,4,"Growth,size=2,W=6mo,D=0.01"
"6354",0,693.60963486173,1222.28021496866,2,18,16,18,18,"Growth,size=2,W=6mo,D=0.01"
"6361",0,1836.18541535251,599.312189299884,2,24,22,24,24,"Growth,size=2,W=6mo,D=0.01"
"6377",0,1876.7478166761,1592.3468322222,2,8,6,8,8,"Growth,size=2,W=6mo,D=0.01"
"6380",0,0,3756.32825738462,2,14,12,14,14,"Growth,size=2,W=6mo,D=0.01"
"6396",0,6285.5605833984,2169.19434062587,2,20,18,20,20,"Growth,size=2,W=6mo,D=0.01"
"6399",0,598.753969105569,525.867378879405,2,23,21,23,23,"Growth,size=2,W=6mo,D=0.01"
"6405",0,490.624333096622,5727.51045297214,2,92,90,92,92,"Growth,size=2,W=6mo,D=0.01"
"6407",0,116.301737897775,670.21402121551,2,18,16,18,18,"Growth,size=2,W=6mo,D=0.01"
"6417",0,6765.76777754241,520.144967681305,2,32,30,32,32,"Growth,size=2,W=6mo,D=0.01"
"6418",0,508.059697327932,2083.16485795062,2,67,65,67,67,"Growth,size=2,W=6mo,D=0.01"
"6426",0,0,1820.03916701062,2,11,9,11,11,"Growth,size=2,W=6mo,D=0.01"
"6459",1,0,1091.53148307551,2,15,13,15,15,"Growth,size=2,W=6mo,D=0.01"
"6464",0,2211.26508657023,3750.81036175247,2,14,12,14,14,"Growth,size=2,W=6mo,D=0.01"
"6479",0,2565.387515643,1261.01865247605,2,17,15,17,17,"Growth,size=2,W=6mo,D=0.01"
"6486",0,316.995024498659,2570.79141835469,2,5,4,6,5,"Growth,size=2,W=6mo,D=0.01"
"6499",0,5236.31026366613,912.637843462784,2,20,18,20,20,"Growth,size=2,W=6mo,D=0.01"
"6507",0,2792.05444275033,1096.63482641293,3,22,16,19,21,"Growth,size=2,W=6mo,D=0.01"
"6513",0,1783.57313797226,1767.69099740109,2,18,16,18,18,"Growth,size=2,W=6mo,D=0.01"
"6523",0,1285.80551395932,351.177826336448,2,6,4,6,6,"Growth,size=2,W=6mo,D=0.01"
"6527",0,3334.78790961011,1489.96752183146,2,21,19,21,21,"Growth,size=2,W=6mo,D=0.01"
"6547",0,893.554272650968,1140.82622579562,2,22,20,22,22,"Growth,size=2,W=6mo,D=0.01"
"6550",0,9.92082139267086,3073.49035842086,2,25,23,25,25,"Growth,size=2,W=6mo,D=0.01"
"6561",0,2095.02267017827,4239.18578646543,2,52,51,53,52,"Growth,size=2,W=6mo,D=0.01"
"6580",0,1240.32881572772,1537.09836143441,2,17,15,17,17,"Growth,size=2,W=6mo,D=0.01"
"6589",1,4623.94874987351,2780.55053380327,3,34,28,31,33,"Growth,size=2,W=6mo,D=0.01"
"6610",0,0,3744.86737056634,2,13,11,13,13,"Growth,size=2,W=6mo,D=0.01"
"6642",0,4487.57865679573,612.667700102818,2,20,18,20,20,"Growth,size=2,W=6mo,D=0.01"
"6643",1,0,1711.43470297568,2,21,19,21,21,"Growth,size=2,W=6mo,D=0.01"
"6649",0,0,3494.6715926334,2,3,2,4,3,"Growth,size=2,W=6mo,D=0.01"
"6651",1,1102.32629975449,2544.35881486292,2,39,37,39,39,"Growth,size=2,W=6mo,D=0.01"
"6667",0,2929.64402673196,1948.49058277153,2,17,15,17,17,"Growth,size=2,W=6mo,D=0.01"
"6671",0,2637.85618388529,4456.86416256767,2,29,27,29,29,"Growth,size=2,W=6mo,D=0.01"
"6673",0,746.974937462712,1637.49746709139,2,16,14,16,16,"Growth,size=2,W=6mo,D=0.01"
"6681",2,1626.47260533472,2725.76978074671,2,27,25,27,27,"Growth,size=2,W=6mo,D=0.01"
"6697",0,5324.04712504649,761.979961574578,2,32,30,32,32,"Growth,size=2,W=6mo,D=0.01"
"6703",0,335.727899818461,1884.32200751549,2,24,22,24,24,"Growth,size=2,W=6mo,D=0.01"
"6707",0,5373.81148253501,4060.54838305744,2,10,8,10,10,"Growth,size=2,W=6mo,D=0.01"
"6712",0,3290.93864382062,493.623747938227,2,20,18,20,20,"Growth,size=2,W=6mo,D=0.01"
"6723",0,4429.50165977953,965.509082598474,2,11,9,11,11,"Growth,size=2,W=6mo,D=0.01"
"6724",0,1595.45815342949,3423.60181243877,2,51,49,51,51,"Growth,size=2,W=6mo,D=0.01"
"6726",1,914.226273849291,592.180152803572,2,10,8,10,10,"Growth,size=2,W=6mo,D=0.01"
"6735",0,1782.82638082729,3085.60024271201,2,13,11,13,13,"Growth,size=2,W=6mo,D=0.01"
"6741",0,3740.9217708126,1414.04464840595,2,8,6,8,8,"Growth,size=2,W=6mo,D=0.01"
"6760",0,1370.48740404325,1503.24485328099,2,8,7,9,8,"Growth,size=2,W=6mo,D=0.01"
"6763",0,1697.71921630277,4448.79139785053,2,31,29,31,31,"Growth,size=2,W=6mo,D=0.01"
"6772",0,1922.78378424223,2047.91640348697,2,9,7,9,9,"Growth,size=2,W=6mo,D=0.01"
"6786",0,1198.02007240646,1221.57141640161,2,24,22,24,24,"Growth,size=2,W=6mo,D=0.01"
"6799",0,6351.03396657655,705.603165096759,3,32,26,29,31,"Growth,size=2,W=6mo,D=0.01"
"6804",0,47.2197273913439,1149.01132787812,2,10,8,10,10,"Growth,size=2,W=6mo,D=0.01"
"6809",0,1390.25129544788,252.833259420259,2,5,3,5,5,"Growth,size=2,W=6mo,D=0.01"
"6816",0,187.835632968732,926.483557434753,2,13,11,13,13,"Growth,size=2,W=6mo,D=0.01"
"6821",0,1840.60701427326,2276.44371520501,2,27,25,27,27,"Growth,size=2,W=6mo,D=0.01"
"6824",0,2530.88874276625,516.185673487392,2,3,2,4,3,"Growth,size=2,W=6mo,D=0.01"
"6850",1,1688.71691619858,1365.60855464039,2,16,14,16,16,"Growth,size=2,W=6mo,D=0.01"
"6854",1,2935.34262216423,1370.64544251047,2,44,42,44,44,"Growth,size=2,W=6mo,D=0.01"
"6866",0,1530.50065470903,630.823319101671,2,8,7,9,8,"Growth,size=2,W=6mo,D=0.01"
"6874",0,3611.32363635122,655.365474236769,3,54,48,51,53,"Growth,size=2,W=6mo,D=0.01"
"6894",0,293.270990246687,2093.51653065087,2,12,10,12,12,"Growth,size=2,W=6mo,D=0.01"
"6919",0,704.33730839601,1425.00531513817,2,16,14,16,16,"Growth,size=2,W=6mo,D=0.01"
"6927",0,2948.186506763,716.473213310481,2,37,35,37,37,"Growth,size=2,W=6mo,D=0.01"
"6936",0,1559.872908874,3364.5067418784,2,12,10,12,12,"Growth,size=2,W=6mo,D=0.01"
"6938",0,1893.5408718806,1509.34058264077,2,23,21,23,23,"Growth,size=2,W=6mo,D=0.01"
"6946",1,0,1658.21460610312,2,28,26,28,28,"Growth,size=2,W=6mo,D=0.01"
"6952",0,1471.58345974373,2800.50710203039,2,12,10,12,12,"Growth,size=2,W=6mo,D=0.01"
"6964",0,1532.92941315286,2865.96285550959,2,37,35,37,37,"Growth,size=2,W=6mo,D=0.01"
"6965",0,3248.31547065963,1369.01245981997,2,36,34,36,36,"Growth,size=2,W=6mo,D=0.01"
"6972",0,738.478023849675,2118.08498007387,2,15,13,15,15,"Growth,size=2,W=6mo,D=0.01"
"6980",0,906.593332165446,1550.78011676256,2,15,13,15,15,"Growth,size=2,W=6mo,D=0.01"
"7001",0,898.214205341356,853.078001891763,2,18,16,18,18,"Growth,size=2,W=6mo,D=0.01"
"7002",0,1559.04225945153,713.789839744569,2,18,16,18,18,"Growth,size=2,W=6mo,D=0.01"
"7003",0,1351.22520005881,3160.9436555584,2,33,31,33,33,"Growth,size=2,W=6mo,D=0.01"
"7006",0,5043.94183326351,1649.90462760518,2,47,45,47,47,"Growth,size=2,W=6mo,D=0.01"
"7011",0,10.4584742494326,2482.18884045071,2,28,26,28,28,"Growth,size=2,W=6mo,D=0.01"
"7017",0,4159.65517490666,3933.65883945102,2,26,24,26,26,"Growth,size=2,W=6mo,D=0.01"
"7034",0,3147.38309385686,2726.09752000176,2,22,20,22,22,"Growth,size=2,W=6mo,D=0.01"
"7043",0,3239.74448571991,1129.11781322294,2,13,11,13,13,"Growth,size=2,W=6mo,D=0.01"
"7044",0,822.964326240071,2089.09372490731,2,12,10,12,12,"Growth,size=2,W=6mo,D=0.01"
"7048",0,3493.65527514337,2048.71730816459,2,19,17,19,19,"Growth,size=2,W=6mo,D=0.01"
"7052",0,2860.21500503661,784.985997072983,2,35,33,35,35,"Growth,size=2,W=6mo,D=0.01"
"7057",0,785.569240069593,1715.70461698867,2,13,11,13,13,"Growth,size=2,W=6mo,D=0.01"
"7080",0,106.640832441947,2341.35425200777,2,18,17,19,18,"Growth,size=2,W=6mo,D=0.01"
"7082",1,32.117775366622,1740.74016162353,2,3,2,4,3,"Growth,size=2,W=6mo,D=0.01"
"7084",0,560.991772191666,1437.78846379222,2,29,27,29,29,"Growth,size=2,W=6mo,D=0.01"
"7086",0,319.47752868147,2349.41424087564,2,10,8,10,10,"Growth,size=2,W=6mo,D=0.01"
"7104",0,1264.1247040657,2348.31828949619,2,6,4,6,6,"Growth,size=2,W=6mo,D=0.01"
"7109",1,1411.30808747513,1062.46761653735,2,22,20,22,22,"Growth,size=2,W=6mo,D=0.01"
"7111",2,1408.24942988892,990.882709648354,2,22,20,22,22,"Growth,size=2,W=6mo,D=0.01"
"7112",0,1495.05193051892,327.941432553246,2,9,7,9,9,"Growth,size=2,W=6mo,D=0.01"
"7114",0,1748.90776775507,984.185244804706,2,19,17,19,19,"Growth,size=2,W=6mo,D=0.01"
"7126",0,606.976245962404,2222.37199538778,2,9,7,9,9,"Growth,size=2,W=6mo,D=0.01"
"7131",0,1372.49436650576,2105.45334596773,2,11,9,11,11,"Growth,size=2,W=6mo,D=0.01"
"7133",0,4740.93079809945,1672.89448384159,2,31,29,31,31,"Growth,size=2,W=6mo,D=0.01"
"7143",0,2327.65591311919,961.060020684187,2,21,19,21,21,"Growth,size=2,W=6mo,D=0.01"
"7146",0,1451.28352476323,3050.69790937546,2,18,16,18,18,"Growth,size=2,W=6mo,D=0.01"
"7160",0,513.312966627782,1846.25414558054,2,8,6,8,8,"Growth,size=2,W=6mo,D=0.01"
"7168",0,0,3487.84511718033,2,15,13,15,15,"Growth,size=2,W=6mo,D=0.01"
"7178",1,184.057939636318,2161.19954975403,2,22,20,22,22,"Growth,size=2,W=6mo,D=0.01"
"7183",0,879.166627300364,714.379491873592,2,13,11,13,13,"Growth,size=2,W=6mo,D=0.01"
"7189",0,2455.14611453537,1955.61720360619,2,51,49,51,51,"Growth,size=2,W=6mo,D=0.01"
"7201",0,318.619923266951,1002.05402486735,2,83,81,83,83,"Growth,size=2,W=6mo,D=0.01"
"7203",0,289.964689433628,4030.37835773801,2,13,11,13,13,"Growth,size=2,W=6mo,D=0.01"
"7224",1,0,4229.1892520797,2,31,29,31,31,"Growth,size=2,W=6mo,D=0.01"
"7225",0,2923.81717966573,544.426001740101,2,16,14,16,16,"Growth,size=2,W=6mo,D=0.01"
"7228",0,2659.26096114606,1275.64308934232,2,22,20,22,22,"Growth,size=2,W=6mo,D=0.01"
"7241",0,230.651190691066,6201.883992927,2,19,17,19,19,"Growth,size=2,W=6mo,D=0.01"
"7250",0,2076.04278587741,1086.86569384415,2,31,29,31,31,"Growth,size=2,W=6mo,D=0.01"
"7257",0,746.385277218931,1906.5361599152,2,29,27,29,29,"Growth,size=2,W=6mo,D=0.01"
"7263",0,477.778939140335,669.832364939234,2,26,24,26,26,"Growth,size=2,W=6mo,D=0.01"
"7265",1,0,1876.58389870714,2,17,15,17,17,"Growth,size=2,W=6mo,D=0.01"
"7270",0,148.918205494892,1995.13950658132,2,19,17,19,19,"Growth,size=2,W=6mo,D=0.01"
"7285",0,3240.72143414338,771.48779843303,2,23,21,23,23,"Growth,size=2,W=6mo,D=0.01"
"7288",0,0,3346.36069685986,2,8,6,8,8,"Growth,size=2,W=6mo,D=0.01"
"7328",0,0,863.287785752886,2,26,24,26,26,"Growth,size=2,W=6mo,D=0.01"
"7336",0,0,3557.05857380989,2,8,6,8,8,"Growth,size=2,W=6mo,D=0.01"
"7354",0,1810.36653860771,1442.38296275965,2,24,22,24,24,"Growth,size=2,W=6mo,D=0.01"
"7372",0,0,4300.52030537664,2,26,24,26,26,"Growth,size=2,W=6mo,D=0.01"
"7373",0,2957.00013044708,3355.67653313942,3,29,23,26,28,"Growth,size=2,W=6mo,D=0.01"
"7374",1,1528.92337666338,1475.88730973742,2,61,59,61,61,"Growth,size=2,W=6mo,D=0.01"
"7378",1,4302.07012775165,1787.67363876641,2,29,27,29,29,"Growth,size=2,W=6mo,D=0.01"
"7393",0,3907.7216947413,1251.89151202767,3,37,31,34,36,"Growth,size=2,W=6mo,D=0.01"
"7397",1,200.904442393608,1159.93647199787,2,12,10,12,12,"Growth,size=2,W=6mo,D=0.01"
"7419",0,1937.64291263084,1434.74674526937,2,5,3,5,5,"Growth,size=2,W=6mo,D=0.01"
"7454",0,0,4726.8502510149,2,16,14,16,16,"Growth,size=2,W=6mo,D=0.01"
"7458",0,868.753712994616,676.108723775386,2,26,24,26,26,"Growth,size=2,W=6mo,D=0.01"
"7462",0,635.832940301444,4124.63124401511,2,36,34,36,36,"Growth,size=2,W=6mo,D=0.01"
"7464",0,526.758165622574,448.456101112432,2,14,12,14,14,"Growth,size=2,W=6mo,D=0.01"
"7467",0,1982.69307461573,4162.57384023753,2,12,10,12,12,"Growth,size=2,W=6mo,D=0.01"
"7475",0,1850.87698704083,2397.6888481116,2,16,15,17,16,"Growth,size=2,W=6mo,D=0.01"
"7494",0,0,2697.78746086994,2,5,3,5,5,"Growth,size=2,W=6mo,D=0.01"
"7504",0,5444.74603245414,2008.39335419952,2,39,37,39,39,"Growth,size=2,W=6mo,D=0.01"
"7515",0,99.6088358257011,1552.18255090305,2,11,9,11,11,"Growth,size=2,W=6mo,D=0.01"
"7518",0,2711.70180636204,1170.59526163753,3,25,21,24,24,"Growth,size=2,W=6mo,D=0.01"
"7523",0,282.390449441871,2637.59372633017,2,17,15,17,17,"Growth,size=2,W=6mo,D=0.01"
"7528",0,1306.10553288713,3001.38498643957,2,5,4,6,5,"Growth,size=2,W=6mo,D=0.01"
"7529",0,1217.57374726488,1237.11569992325,2,14,12,14,14,"Growth,size=2,W=6mo,D=0.01"
"7537",1,1365.64370709372,646.550194367321,2,44,42,44,44,"Growth,size=2,W=6mo,D=0.01"
"7541",0,3282.69537377344,4055.76227981417,2,18,16,18,18,"Growth,size=2,W=6mo,D=0.01"
"7570",0,1649.93763653384,1885.4268373602,2,1,0,2,1,"Growth,size=2,W=6mo,D=0.01"
"7577",0,2294.94053246615,1956.59386048051,2,33,31,33,33,"Growth,size=2,W=6mo,D=0.01"
"7583",0,3948.24499221217,1355.36527488104,2,41,39,41,41,"Growth,size=2,W=6mo,D=0.01"
"7584",0,158.820315120839,2322.76621828375,2,4,3,5,4,"Growth,size=2,W=6mo,D=0.01"
"7587",0,4436.4842629908,1290.40622647406,2,19,17,19,19,"Growth,size=2,W=6mo,D=0.01"
"7603",0,68.6615360568812,2080.43946213539,2,13,11,13,13,"Growth,size=2,W=6mo,D=0.01"
"7618",0,1525.98318505363,2401.89830523123,2,25,23,25,25,"Growth,size=2,W=6mo,D=0.01"
"7619",0,2982.58303446557,1456.38199464181,3,45,39,42,44,"Growth,size=2,W=6mo,D=0.01"
"7629",0,3023.77666301214,2083.81197713737,2,33,31,33,33,"Growth,size=2,W=6mo,D=0.01"
"7635",0,1523.00951719702,775.035622838669,2,20,18,20,20,"Growth,size=2,W=6mo,D=0.01"
"7648",0,214.033081196696,1959.20061757376,2,42,40,42,42,"Growth,size=2,W=6mo,D=0.01"
"7657",0,1134.80698254372,2410.34498013902,2,52,50,52,52,"Growth,size=2,W=6mo,D=0.01"
"7660",0,408.357599570919,4529.49867686467,2,13,11,13,13,"Growth,size=2,W=6mo,D=0.01"
"7676",0,704.912210174833,2015.70697386752,2,29,27,29,29,"Growth,size=2,W=6mo,D=0.01"
"7680",0,1364.73311512419,1685.25007663633,2,11,9,11,11,"Growth,size=2,W=6mo,D=0.01"
"7692",0,3442.4811273841,2993.29208722466,2,22,20,22,22,"Growth,size=2,W=6mo,D=0.01"
"7709",0,2599.25751975316,1583.77012794887,2,31,29,31,31,"Growth,size=2,W=6mo,D=0.01"
"7734",0,1241.77871618321,4085.8036706989,2,21,19,21,21,"Growth,size=2,W=6mo,D=0.01"
"7736",0,4340.82716950617,1300.08814104436,2,2,1,3,2,"Growth,size=2,W=6mo,D=0.01"
"7739",0,490.914585244288,2150.41568002907,2,20,18,20,20,"Growth,size=2,W=6mo,D=0.01"
"7763",0,3156.91180064404,4880.82364806755,2,23,21,23,23,"Growth,size=2,W=6mo,D=0.01"
"7766",0,260.435594991074,1950.62255051387,2,14,13,15,14,"Growth,size=2,W=6mo,D=0.01"
"7778",0,1487.35299107538,2918.26404840835,2,6,5,7,6,"Growth,size=2,W=6mo,D=0.01"
"7779",0,174.583840248594,749.027439182817,2,32,30,32,32,"Growth,size=2,W=6mo,D=0.01"
"7801",0,4944.26442463733,3548.73438230221,2,29,27,29,29,"Growth,size=2,W=6mo,D=0.01"
"7844",0,2475.17968237008,2339.40348680997,2,50,48,50,50,"Growth,size=2,W=6mo,D=0.01"
"7846",0,5171.81682068489,2272.6223510415,2,16,14,16,16,"Growth,size=2,W=6mo,D=0.01"
"7874",0,224.56642062958,1647.56903689099,2,25,23,25,25,"Growth,size=2,W=6mo,D=0.01"
"7884",0,591.361071524585,287.585055594011,2,19,17,19,19,"Growth,size=2,W=6mo,D=0.01"
"7894",0,0,1011.07758603441,2,53,51,53,53,"Growth,size=2,W=6mo,D=0.01"
"7898",0,1083.38379123381,2273.51184670453,2,60,58,60,60,"Growth,size=2,W=6mo,D=0.01"
"7906",0,2857.08505898626,3036.17615003899,2,43,41,43,43,"Growth,size=2,W=6mo,D=0.01"
"7934",2,372.053337284772,1244.47929005338,2,9,7,9,9,"Growth,size=2,W=6mo,D=0.01"
"7946",0,4192.31717909376,5756.02111332686,2,28,26,28,28,"Growth,size=2,W=6mo,D=0.01"
"7950",0,2393.04638382875,637.542469129299,2,13,12,14,13,"Growth,size=2,W=6mo,D=0.01"
"7984",1,1401.67558902453,561.576435054956,2,3,1,3,3,"Growth,size=2,W=6mo,D=0.01"
"7987",0,2452.16693798125,1947.9407026377,2,37,35,37,37,"Growth,size=2,W=6mo,D=0.01"
"7991",0,1866.83271925782,1367.7349786415,3,44,38,41,43,"Growth,size=2,W=6mo,D=0.01"
"7995",0,3593.51887443935,1289.26859379438,2,41,39,41,41,"Growth,size=2,W=6mo,D=0.01"
"8008",0,3834.23827416764,869.521973690448,2,29,27,29,29,"Growth,size=2,W=6mo,D=0.01"
"8012",0,141.956981523454,4381.0845376298,2,15,13,15,15,"Growth,size=2,W=6mo,D=0.01"
"8017",0,1042.00211191705,3082.73083470546,2,13,11,13,13,"Growth,size=2,W=6mo,D=0.01"
"8027",0,2904.96282318992,2727.58797610153,3,51,45,48,50,"Growth,size=2,W=6mo,D=0.01"
"8039",0,3011.84900297836,1917.93784574349,2,39,37,39,39,"Growth,size=2,W=6mo,D=0.01"
"8055",0,979.149334441835,758.084781184814,2,28,26,28,28,"Growth,size=2,W=6mo,D=0.01"
"8065",0,200.421697739419,2838.94148780597,2,14,12,14,14,"Growth,size=2,W=6mo,D=0.01"
"8073",0,3579.86359479737,1550.59901730271,2,26,24,26,26,"Growth,size=2,W=6mo,D=0.01"
"8077",0,162.620420656479,1185.99091436114,2,32,30,32,32,"Growth,size=2,W=6mo,D=0.01"
"8078",1,1854.47321840561,522.675703883298,2,16,14,16,16,"Growth,size=2,W=6mo,D=0.01"
"8079",0,2356.44139680929,1041.28275894609,2,11,9,11,11,"Growth,size=2,W=6mo,D=0.01"
"8091",0,1554.45608978578,883.757955549325,2,13,11,13,13,"Growth,size=2,W=6mo,D=0.01"
"8099",0,753.056246534609,2434.98007465834,2,21,19,21,21,"Growth,size=2,W=6mo,D=0.01"
"8100",0,1342.85908748328,1483.70581720398,2,16,15,17,16,"Growth,size=2,W=6mo,D=0.01"
"8104",0,743.808491432648,1292.08035569742,2,12,10,12,12,"Growth,size=2,W=6mo,D=0.01"
"8105",0,2050.13995672174,1044.10561162332,2,12,10,12,12,"Growth,size=2,W=6mo,D=0.01"
"8106",0,453.979826151599,3067.1753570506,2,20,18,20,20,"Growth,size=2,W=6mo,D=0.01"
"8118",0,61.63801767319,4264.63892480455,2,20,18,20,20,"Growth,size=2,W=6mo,D=0.01"
"8127",0,0,2818.42889831132,2,9,7,9,9,"Growth,size=2,W=6mo,D=0.01"
"8132",0,946.592320188796,2966.27936119469,2,58,56,58,58,"Growth,size=2,W=6mo,D=0.01"
"8137",1,3307.50191385007,6003.3864305404,2,18,16,18,18,"Growth,size=2,W=6mo,D=0.01"
"8142",1,2584.55767861823,654.929226544766,2,19,17,19,19,"Growth,size=2,W=6mo,D=0.01"
"8143",1,3218.45564758748,1645.98515631425,2,14,12,14,14,"Growth,size=2,W=6mo,D=0.01"
"8145",0,4022.23556396795,1518.74370995384,2,21,19,21,21,"Growth,size=2,W=6mo,D=0.01"
"8161",0,1341.17803649668,2789.03027115632,2,37,35,37,37,"Growth,size=2,W=6mo,D=0.01"
"8164",0,0,5413.66099347514,2,13,11,13,13,"Growth,size=2,W=6mo,D=0.01"
"8173",1,39.1695416940988,2058.71055350068,2,10,8,10,10,"Growth,size=2,W=6mo,D=0.01"
"8174",0,0,3183.83772408152,2,77,75,77,77,"Growth,size=2,W=6mo,D=0.01"
"8177",0,2001.75797927501,1447.88478931177,2,14,12,14,14,"Growth,size=2,W=6mo,D=0.01"
"8198",0,1163.15508507452,2728.84959922014,2,22,20,22,22,"Growth,size=2,W=6mo,D=0.01"
"8205",0,2539.18271546257,3965.17792720975,2,29,27,29,29,"Growth,size=2,W=6mo,D=0.01"
"8208",0,3992.17314257661,1149.23341518255,2,34,32,34,34,"Growth,size=2,W=6mo,D=0.01"
"8213",0,1446.98823569715,4473.7834060552,2,7,5,7,7,"Growth,size=2,W=6mo,D=0.01"
"8220",2,1116.27079289723,746.139029851118,2,23,21,23,23,"Growth,size=2,W=6mo,D=0.01"
"8232",0,1622.22373888142,1172.01929626241,2,1,0,2,1,"Growth,size=2,W=6mo,D=0.01"
"8249",1,0,1142.38006255056,2,41,39,41,41,"Growth,size=2,W=6mo,D=0.01"
"8264",0,440.125455003315,1860.53781058291,2,15,13,15,15,"Growth,size=2,W=6mo,D=0.01"
"8271",0,1573.76627709105,1681.14878058523,2,14,12,14,14,"Growth,size=2,W=6mo,D=0.01"
"8292",0,224.832295963184,1014.59126456579,2,23,21,23,23,"Growth,size=2,W=6mo,D=0.01"
"8296",0,559.836655218739,3644.17512350601,2,17,15,17,17,"Growth,size=2,W=6mo,D=0.01"
"8301",0,3510.33895583056,536.387294114621,2,26,24,26,26,"Growth,size=2,W=6mo,D=0.01"
"8307",0,0,2415.58870588952,2,19,17,19,19,"Growth,size=2,W=6mo,D=0.01"
"8314",1,1869.84070986292,1176.79705612303,2,11,9,11,11,"Growth,size=2,W=6mo,D=0.01"
"8319",0,699.675595567086,1563.48418837692,2,71,69,71,71,"Growth,size=2,W=6mo,D=0.01"
"8326",0,2230.44149479358,4481.46914109954,2,26,24,26,26,"Growth,size=2,W=6mo,D=0.01"
"8336",1,917.95410818217,2285.62742862366,2,12,10,12,12,"Growth,size=2,W=6mo,D=0.01"
"8348",0,51.5894513394492,2793.79991358495,2,20,18,20,20,"Growth,size=2,W=6mo,D=0.01"
"8351",0,1037.34849123399,2560.04750423503,2,80,78,80,80,"Growth,size=2,W=6mo,D=0.01"
"8355",0,0,1604.30974139434,2,33,31,33,33,"Growth,size=2,W=6mo,D=0.01"
"8360",0,25.3527339986886,2591.90130184041,2,35,33,35,35,"Growth,size=2,W=6mo,D=0.01"
"8406",0,1144.1679831888,1239.30592184759,2,25,23,25,25,"Growth,size=2,W=6mo,D=0.01"
"8421",0,1617.32451171316,2975.96204627158,2,17,15,17,17,"Growth,size=2,W=6mo,D=0.01"
"8425",0,5025.95678230614,8543.16420028624,2,24,22,24,24,"Growth,size=2,W=6mo,D=0.01"
"8426",0,952.264446415612,825.011906938202,2,23,21,23,23,"Growth,size=2,W=6mo,D=0.01"
"8441",0,2435.94657967903,1230.64591332143,2,23,21,23,23,"Growth,size=2,W=6mo,D=0.01"
"8442",0,780.186477130126,2018.40621987226,2,47,45,47,47,"Growth,size=2,W=6mo,D=0.01"
"8448",0,1425.12294030511,1391.7188048165,2,78,76,78,78,"Growth,size=2,W=6mo,D=0.01"
"8451",0,3998.61269033049,1931.20051029704,3,51,45,48,50,"Growth,size=2,W=6mo,D=0.01"
"8468",0,774.11422242516,2081.86198518221,2,11,9,11,11,"Growth,size=2,W=6mo,D=0.01"
"8471",1,1255.31180426297,1867.95264627831,2,29,27,29,29,"Growth,size=2,W=6mo,D=0.01"
"8472",0,3424.30370838948,5884.14209683135,2,33,31,33,33,"Growth,size=2,W=6mo,D=0.01"
"8491",0,4892.39786377478,3152.55543853018,2,6,4,6,6,"Growth,size=2,W=6mo,D=0.01"
"8493",0,3937.15749337344,3230.84322342904,2,18,16,18,18,"Growth,size=2,W=6mo,D=0.01"
"8513",0,562.560968655732,1121.79424763354,2,17,15,17,17,"Growth,size=2,W=6mo,D=0.01"
"8522",0,729.540336350661,1515.59861762001,2,26,24,26,26,"Growth,size=2,W=6mo,D=0.01"
"8536",1,5325.34313967609,1476.94911013238,2,35,33,35,35,"Growth,size=2,W=6mo,D=0.01"
"8537",0,9728.16523507018,742.463238675079,2,11,9,11,11,"Growth,size=2,W=6mo,D=0.01"
"8554",0,3219.96169897475,773.211233097543,2,18,16,18,18,"Growth,size=2,W=6mo,D=0.01"
"8564",0,666.87816448915,4488.30453248191,2,5,3,5,5,"Growth,size=2,W=6mo,D=0.01"
"8573",0,1987.92181585816,1285.65673564596,2,25,23,25,25,"Growth,size=2,W=6mo,D=0.01"
"8595",1,2948.91122023765,228.39387131059,2,8,6,8,8,"Growth,size=2,W=6mo,D=0.01"
"8596",0,3178.20727834602,5217.28398631962,2,34,32,34,34,"Growth,size=2,W=6mo,D=0.01"
"8601",0,1580.21030846909,471.225976036269,3,34,28,31,33,"Growth,size=2,W=6mo,D=0.01"
"8609",0,2107.13981648928,1344.86764348945,2,13,11,13,13,"Growth,size=2,W=6mo,D=0.01"
"8610",0,2009.37512295016,3525.81888010294,2,50,48,50,50,"Growth,size=2,W=6mo,D=0.01"
"8627",0,1137.74645529167,1739.45602772695,2,19,17,19,19,"Growth,size=2,W=6mo,D=0.01"
"8629",0,1172.98011199289,1983.87955414102,2,44,42,44,44,"Growth,size=2,W=6mo,D=0.01"
"8638",0,2045.21031244775,3251.04715051262,2,18,16,18,18,"Growth,size=2,W=6mo,D=0.01"
"8644",1,1553.28828244719,1290.52295900904,2,7,5,7,7,"Growth,size=2,W=6mo,D=0.01"
"8647",0,722.766824826419,2364.99349291515,2,18,16,18,18,"Growth,size=2,W=6mo,D=0.01"
"8649",0,1281.09656297761,637.4231513728,2,33,31,33,33,"Growth,size=2,W=6mo,D=0.01"
"8671",0,196.447526471378,1910.79039018011,2,24,22,24,24,"Growth,size=2,W=6mo,D=0.01"
"8679",0,1733.33777905168,3320.74837252806,2,33,31,33,33,"Growth,size=2,W=6mo,D=0.01"
"8680",0,3938.29787805153,2356.28922767765,2,15,13,15,15,"Growth,size=2,W=6mo,D=0.01"
"8687",0,121.130694705307,2687.56961564552,2,19,17,19,19,"Growth,size=2,W=6mo,D=0.01"
"8688",0,1489.9133391879,1935.69603360821,2,22,20,22,22,"Growth,size=2,W=6mo,D=0.01"
"8693",0,1704.68040889426,1249.38538423575,2,19,17,19,19,"Growth,size=2,W=6mo,D=0.01"
"8712",0,1723.2310032907,966.335008880261,2,24,22,24,24,"Growth,size=2,W=6mo,D=0.01"
"8714",0,0,2976.49698904703,2,11,9,11,11,"Growth,size=2,W=6mo,D=0.01"
"8731",1,2927.24561739973,4905.49909656925,2,31,29,31,31,"Growth,size=2,W=6mo,D=0.01"
"8749",0,2307.58098442902,3334.63584669865,2,24,22,24,24,"Growth,size=2,W=6mo,D=0.01"
"8765",0,1487.50702481523,444.45656072141,2,25,23,25,25,"Growth,size=2,W=6mo,D=0.01"
"8784",0,0,1882.83933045699,2,14,12,14,14,"Growth,size=2,W=6mo,D=0.01"
"8802",0,0,3268.16386981462,2,8,6,8,8,"Growth,size=2,W=6mo,D=0.01"
"8807",0,1166.64381042337,1686.66669277838,2,20,18,20,20,"Growth,size=2,W=6mo,D=0.01"
"8809",0,151.065175845394,1663.60102452814,2,28,26,28,28,"Growth,size=2,W=6mo,D=0.01"
"8814",0,4886.13960526161,1239.13519658629,2,24,22,24,24,"Growth,size=2,W=6mo,D=0.01"
"8819",0,2487.24431800441,2188.01696563029,2,42,40,42,42,"Growth,size=2,W=6mo,D=0.01"
"8829",0,1668.1815282821,1264.7029141998,2,21,19,21,21,"Growth,size=2,W=6mo,D=0.01"
"8862",0,0,1891.37569137304,2,23,21,23,23,"Growth,size=2,W=6mo,D=0.01"
"8869",0,0,3491.98139938921,2,23,21,23,23,"Growth,size=2,W=6mo,D=0.01"
"8871",0,983.495112999359,1031.56597989808,2,35,33,35,35,"Growth,size=2,W=6mo,D=0.01"
"8882",0,2055.34100962237,1546.03025277293,2,26,24,26,26,"Growth,size=2,W=6mo,D=0.01"
"8888",0,729.765760914233,811.408946975362,2,16,14,16,16,"Growth,size=2,W=6mo,D=0.01"
"8890",0,16.3425683000798,1522.27287916362,2,22,20,22,22,"Growth,size=2,W=6mo,D=0.01"
"8894",0,1538.78150845316,7389.49011579438,2,17,15,17,17,"Growth,size=2,W=6mo,D=0.01"
"8901",0,762.704239235734,4083.97150021798,2,13,11,13,13,"Growth,size=2,W=6mo,D=0.01"
"8904",0,2222.67208924871,627.271629334958,2,28,26,28,28,"Growth,size=2,W=6mo,D=0.01"
"8907",0,2239.38649936724,1075.19023560575,2,13,11,13,13,"Growth,size=2,W=6mo,D=0.01"
"8908",0,122.509308463013,2555.37835169734,2,21,19,21,21,"Growth,size=2,W=6mo,D=0.01"
"8912",2,22.1017865978292,934.70998668388,2,19,17,19,19,"Growth,size=2,W=6mo,D=0.01"
"8919",0,947.118486960688,847.866353231684,2,11,9,11,11,"Growth,size=2,W=6mo,D=0.01"
"8923",0,2172.78212191372,2973.61915705276,2,11,9,11,11,"Growth,size=2,W=6mo,D=0.01"
"8926",0,3211.04289597414,1543.03849237643,2,68,66,68,68,"Growth,size=2,W=6mo,D=0.01"
"8927",0,503.347937333354,3908.17295816115,2,27,25,27,27,"Growth,size=2,W=6mo,D=0.01"
"8936",1,7729.5394187913,2241.86814704073,4,40,33,37,38,"Growth,size=2,W=6mo,D=0.01"
"8943",0,597.223612219675,433.153460827443,2,33,31,33,33,"Growth,size=2,W=6mo,D=0.01"
"8956",1,5463.74575642994,2522.95965419412,2,18,16,18,18,"Growth,size=2,W=6mo,D=0.01"
"8961",0,0,2775.89822222354,2,18,16,18,18,"Growth,size=2,W=6mo,D=0.01"
"8967",0,3830.74569682097,821.050918155485,2,28,26,28,28,"Growth,size=2,W=6mo,D=0.01"
"8973",0,2277.76576901074,3577.66470695939,2,39,37,39,39,"Growth,size=2,W=6mo,D=0.01"
"8976",0,1517.67764441362,2621.82454119416,2,5,3,5,5,"Growth,size=2,W=6mo,D=0.01"
"8977",0,2920.64741267261,2441.42567578589,2,8,6,8,8,"Growth,size=2,W=6mo,D=0.01"
"8979",0,1166.14191411276,2064.74310258345,2,29,27,29,29,"Growth,size=2,W=6mo,D=0.01"
"9002",0,0,3190.5563762959,2,32,30,32,32,"Growth,size=2,W=6mo,D=0.01"
"9003",0,7921.00427808078,840.711137998792,2,53,51,53,53,"Growth,size=2,W=6mo,D=0.01"
"9014",0,811.08246750991,1560.28406627846,2,36,34,36,36,"Growth,size=2,W=6mo,D=0.01"
"9019",0,3951.11262244505,720.083612374503,2,14,12,14,14,"Growth,size=2,W=6mo,D=0.01"
"9026",0,5626.28593998693,1600.46876800442,2,71,69,71,71,"Growth,size=2,W=6mo,D=0.01"
"9028",0,2642.01233574454,3650.0916032135,2,0,0,2,0,"Growth,size=2,W=6mo,D=0.01"
"9034",1,258.50727604458,5960.58098025671,2,22,20,22,22,"Growth,size=2,W=6mo,D=0.01"
"9035",0,1840.62646190696,1086.80283554661,2,18,16,18,18,"Growth,size=2,W=6mo,D=0.01"
"9039",0,590.63590770802,1854.55689986855,2,21,19,21,21,"Growth,size=2,W=6mo,D=0.01"
"9054",0,822.430529249434,1538.69541411535,2,30,28,30,30,"Growth,size=2,W=6mo,D=0.01"
"9059",0,694.169946409741,1786.97192084594,2,10,8,10,10,"Growth,size=2,W=6mo,D=0.01"
"9067",0,2615.64238607334,1151.12820327109,2,48,46,48,48,"Growth,size=2,W=6mo,D=0.01"
"9078",0,118.662116226675,1586.53554192309,2,25,23,25,25,"Growth,size=2,W=6mo,D=0.01"
"9090",0,1138.75649148382,2675.28551443144,2,13,11,13,13,"Growth,size=2,W=6mo,D=0.01"
"9100",1,2815.71061799286,1902.64011047063,2,29,27,29,29,"Growth,size=2,W=6mo,D=0.01"
"9107",0,827.936638757181,3873.88015409825,2,31,29,31,31,"Growth,size=2,W=6mo,D=0.01"
"9110",0,1941.33246449192,3509.9097512512,2,22,20,22,22,"Growth,size=2,W=6mo,D=0.01"
"9116",0,244.982515592127,6573.14565924489,2,14,12,14,14,"Growth,size=2,W=6mo,D=0.01"
"9122",1,1800.94105257985,2275.90428233194,2,6,4,6,6,"Growth,size=2,W=6mo,D=0.01"
"9136",1,3113.50394411995,1475.70399521024,2,14,12,14,14,"Growth,size=2,W=6mo,D=0.01"
"9160",0,0,3043.72271595433,2,15,13,15,15,"Growth,size=2,W=6mo,D=0.01"
"9164",2,0,2308.30038014198,2,21,19,21,21,"Growth,size=2,W=6mo,D=0.01"
"9166",0,1980.35796406858,2635.22435760487,2,39,37,39,39,"Growth,size=2,W=6mo,D=0.01"
"9176",1,2971.71843242388,3666.92722549258,2,14,12,14,14,"Growth,size=2,W=6mo,D=0.01"
"9189",0,1861.19543246987,1676.86998505481,2,29,27,29,29,"Growth,size=2,W=6mo,D=0.01"
"9207",0,640.800082797602,251.498880959173,2,40,38,40,40,"Growth,size=2,W=6mo,D=0.01"
"9231",0,3525.91339112407,3077.9361822171,3,18,13,16,17,"Growth,size=2,W=6mo,D=0.01"
"9240",0,616.966089367492,2263.13726495896,2,7,5,7,7,"Growth,size=2,W=6mo,D=0.01"
"9246",0,3208.04503868224,744.266989562358,2,25,23,25,25,"Growth,size=2,W=6mo,D=0.01"
"9262",0,672.418248831204,4713.42806718213,2,31,30,32,31,"Growth,size=2,W=6mo,D=0.01"
"9267",0,4511.9678492776,4587.09839381646,2,59,57,59,59,"Growth,size=2,W=6mo,D=0.01"
"9268",0,1050.02640116614,2197.17192240904,2,11,9,11,11,"Growth,size=2,W=6mo,D=0.01"
"9269",1,470.821609299388,3075.43860033748,2,14,12,14,14,"Growth,size=2,W=6mo,D=0.01"
"9270",0,254.955844698182,1466.32014508519,2,23,21,23,23,"Growth,size=2,W=6mo,D=0.01"
"9281",0,517.045223546815,993.103258632215,2,29,27,29,29,"Growth,size=2,W=6mo,D=0.01"
"9290",1,0,801.363901341595,2,27,25,27,27,"Growth,size=2,W=6mo,D=0.01"
"9296",0,2101.4448527534,2409.04690527665,2,16,14,16,16,"Growth,size=2,W=6mo,D=0.01"
"9309",0,2941.6050781812,1708.14326851317,2,31,29,31,31,"Growth,size=2,W=6mo,D=0.01"
"9331",0,1600.64869079497,3786.21084178739,2,18,16,18,18,"Growth,size=2,W=6mo,D=0.01"
"9333",0,2912.89886321794,1388.46329576998,2,17,16,18,17,"Growth,size=2,W=6mo,D=0.01"
"9340",0,490.477670053845,2515.42259514904,3,25,19,22,24,"Growth,size=2,W=6mo,D=0.01"
"9341",1,2361.47550780938,1616.12448536162,2,55,53,55,55,"Growth,size=2,W=6mo,D=0.01"
"9347",0,601.297552365608,837.882456607733,2,5,4,6,5,"Growth,size=2,W=6mo,D=0.01"
"9366",0,679.010183724292,1592.7506333945,2,22,20,22,22,"Growth,size=2,W=6mo,D=0.01"
"9378",0,192.603974319207,1865.69554956619,3,45,39,42,44,"Growth,size=2,W=6mo,D=0.01"
"9383",0,0,524.473608989586,2,13,11,13,13,"Growth,size=2,W=6mo,D=0.01"
"9390",0,2962.81077147125,2259.90773190494,2,19,17,19,19,"Growth,size=2,W=6mo,D=0.01"
"9398",0,609.33304349608,1034.02213545185,2,15,13,15,15,"Growth,size=2,W=6mo,D=0.01"
"9399",0,674.662148445837,2108.35240998141,2,52,50,52,52,"Growth,size=2,W=6mo,D=0.01"
"9422",0,2062.54480644169,1821.87853566201,2,34,32,34,34,"Growth,size=2,W=6mo,D=0.01"
"9428",0,621.436073079633,1152.97947911569,2,10,8,10,10,"Growth,size=2,W=6mo,D=0.01"
"9435",0,0,3281.52156443293,2,5,3,5,5,"Growth,size=2,W=6mo,D=0.01"
"9443",1,0,2910.94285388698,2,24,22,24,24,"Growth,size=2,W=6mo,D=0.01"
"9446",0,3.08059237294583,1430.68862567274,2,37,35,37,37,"Growth,size=2,W=6mo,D=0.01"
"9459",0,708.12751588843,1054.29938959766,2,17,15,17,17,"Growth,size=2,W=6mo,D=0.01"
"9472",1,618.4362175097,1875.98094524249,2,35,33,35,35,"Growth,size=2,W=6mo,D=0.01"
"9479",0,6928.95749690542,1734.65527560788,3,29,25,28,28,"Growth,size=2,W=6mo,D=0.01"
"9502",0,1669.79994166196,2170.15238479848,2,20,18,20,20,"Growth,size=2,W=6mo,D=0.01"
"9509",0,3432.77279991765,1467.78259029571,2,23,21,23,23,"Growth,size=2,W=6mo,D=0.01"
"9514",0,1359.37536424242,1387.88605574688,2,20,18,20,20,"Growth,size=2,W=6mo,D=0.01"
"9519",0,1764.9743877881,2414.76829482172,2,27,25,27,27,"Growth,size=2,W=6mo,D=0.01"
"9520",0,2104.87514773738,1694.78651395398,2,8,6,8,8,"Growth,size=2,W=6mo,D=0.01"
"9528",0,3053.24784179363,568.871415352288,2,16,14,16,16,"Growth,size=2,W=6mo,D=0.01"
"9549",0,1979.19878201847,1098.37454746578,3,37,31,34,36,"Growth,size=2,W=6mo,D=0.01"
"9552",0,0,1882.5536153799,2,51,49,51,51,"Growth,size=2,W=6mo,D=0.01"
"9564",0,134.640826078317,894.014470825171,2,7,6,8,7,"Growth,size=2,W=6mo,D=0.01"
"9576",1,955.553765860206,1803.15132832342,3,41,35,38,40,"Growth,size=2,W=6mo,D=0.01"
"9586",0,730.710163617125,2607.2063043439,2,19,17,19,19,"Growth,size=2,W=6mo,D=0.01"
"9596",0,69.4971976775696,2326.49613344254,2,28,26,28,28,"Growth,size=2,W=6mo,D=0.01"
"9599",0,0,2330.22168408545,2,21,19,21,21,"Growth,size=2,W=6mo,D=0.01"
"9604",0,2607.48624306796,1456.97705377996,2,46,44,46,46,"Growth,size=2,W=6mo,D=0.01"
"9609",0,2023.50675243426,3127.12625903,2,38,36,38,38,"Growth,size=2,W=6mo,D=0.01"
"9612",0,5534.414447777,4035.79883552562,2,10,9,11,10,"Growth,size=2,W=6mo,D=0.01"
"9625",0,3764.98715472437,728.235163555085,2,19,17,19,19,"Growth,size=2,W=6mo,D=0.01"
"9626",0,555.487928169097,583.449207073529,2,6,4,6,6,"Growth,size=2,W=6mo,D=0.01"
"9630",0,1521.85980367844,1118.1498032893,2,24,22,24,24,"Growth,size=2,W=6mo,D=0.01"
"9655",0,4465.08243899907,3015.39969621939,2,19,17,19,19,"Growth,size=2,W=6mo,D=0.01"
"9685",0,1422.67203972022,1280.66212968167,2,17,15,17,17,"Growth,size=2,W=6mo,D=0.01"
"9769",0,2369.28725416952,1101.9863147832,2,18,17,19,18,"Growth,size=2,W=6mo,D=0.01"
"9777",0,1134.64698771046,2195.40762682555,2,25,23,25,25,"Growth,size=2,W=6mo,D=0.01"
"9784",0,1144.26699741674,1758.75866338639,2,30,28,30,30,"Growth,size=2,W=6mo,D=0.01"
"9792",0,649.575142831574,1568.07773696106,2,15,13,15,15,"Growth,size=2,W=6mo,D=0.01"
"9799",0,2881.89513796151,893.798120306757,2,16,14,16,16,"Growth,size=2,W=6mo,D=0.01"
"9809",1,2194.08689939237,776.858421684941,2,10,8,10,10,"Growth,size=2,W=6mo,D=0.01"
"9834",0,1612.71894624686,1816.29515430857,2,29,27,29,29,"Growth,size=2,W=6mo,D=0.01"
"9850",0,0,2852.20482240968,2,25,23,25,25,"Growth,size=2,W=6mo,D=0.01"
"9857",0,449.012733977243,8290.79598166121,2,27,25,27,27,"Growth,size=2,W=6mo,D=0.01"
"9864",1,1114.80574149008,1249.36638442795,2,20,18,20,20,"Growth,size=2,W=6mo,D=0.01"
"9886",0,6766.62251091907,3363.86907083727,3,30,24,27,29,"Growth,size=2,W=6mo,D=0.01"
"9898",0,809.878227457586,471.28902282991,2,21,19,21,21,"Growth,size=2,W=6mo,D=0.01"
"9900",0,3012.97926098294,1007.73893415016,2,29,27,29,29,"Growth,size=2,W=6mo,D=0.01"
"9914",0,3867.29674104052,3298.59022965588,3,51,45,48,50,"Growth,size=2,W=6mo,D=0.01"
"9921",1,0,5074.19346134995,2,19,17,19,19,"Growth,size=2,W=6mo,D=0.01"
"9926",0,2354.8105741742,1494.58368055608,2,3,2,4,3,"Growth,size=2,W=6mo,D=0.01"
"9933",0,696.27213531171,2690.86488533216,2,20,18,20,20,"Growth,size=2,W=6mo,D=0.01"
"9936",0,2188.13495065138,2535.01803599106,2,20,18,20,20,"Growth,size=2,W=6mo,D=0.01"
"9939",0,156.103282061545,1071.21214436039,2,15,13,15,15,"Growth,size=2,W=6mo,D=0.01"
"9946",0,4611.08600393743,1915.77438506186,2,11,9,11,11,"Growth,size=2,W=6mo,D=0.01"
"9961",0,2374.92370029884,3673.00485019916,2,27,25,27,27,"Growth,size=2,W=6mo,D=0.01"
"9964",0,538.998163540541,1877.15622704322,2,18,16,18,18,"Growth,size=2,W=6mo,D=0.01"
"9977",0,4069.32783596635,1978.05981214079,2,28,26,28,28,"Growth,size=2,W=6mo,D=0.01"
"10000",0,3642.67897346252,1110.02535248913,2,15,13,15,15,"Growth,size=2,W=6mo,D=0.01"
